SET search_path = encu, pg_catalog;


delete from encu.est_rol;
delete from encu.est_var;
delete from encu.pla_est;
delete from encu.pla_var;
delete from encu.estados;
delete from encu.respuestas;
delete from encu.variables where var_for='TEM';
delete from encu.preguntas where pre_for='TEM';
delete from encu.planillas;
delete from encu.plana_tem_;
delete from encu.claves;


INSERT INTO estados (est_ope, est_est, est_nombre, est_criterio, est_editar_encuesta, est_editar_tem, est_tlg) VALUES ('same2014', 70, 'Inicio del procesamiento', 'fin_de_campo=1 AND norea is distinct from 18', 'siempre', NULL, 1);
INSERT INTO estados (est_ope, est_est, est_nombre, est_criterio, est_editar_encuesta, est_editar_tem, est_tlg) VALUES ('same2014', 75, 'Devuelta a campo por procesamiento', 'fin_anacon=4 AND norea is distinct from 18', 'siempre', NULL, 1);
INSERT INTO estados (est_ope, est_est, est_nombre, est_criterio, est_editar_encuesta, est_editar_tem, est_tlg) VALUES ('same2014', 78, 'Resuelta por campo', 'resol_campo is not null AND norea is distinct from 18', 'siempre', NULL, 1);
INSERT INTO estados (est_ope, est_est, est_nombre, est_criterio, est_editar_encuesta, est_editar_tem, est_tlg) VALUES ('same2014', 45, 'Cargado para supervisión telefónica de encuestador', 'fecha_carga_sup is not null  AND (coalesce(sup_dirigida,sup_aleat)=4)', 'nunca', NULL, 1);
INSERT INTO estados (est_ope, est_est, est_nombre, est_criterio, est_editar_encuesta, est_editar_tem, est_tlg) VALUES ('same2014', 55, 'Cargado para supervisión telefónica de recuperador', 'fecha_carga_sup is not null  AND (coalesce(sup_dirigida,sup_aleat)=4) AND rea>=2', 'nunca', NULL, 1);
INSERT INTO estados (est_ope, est_est, est_nombre, est_criterio, est_editar_encuesta, est_editar_tem, est_tlg) VALUES ('same2014', 23, 'Cargada en el (DM); en campo para encuestador.', 'fecha_carga_enc is not null AND dispositivo_enc=1', 'descargando', NULL, 1);
INSERT INTO estados (est_ope, est_est, est_nombre, est_criterio, est_editar_encuesta, est_editar_tem, est_tlg) VALUES ('same2014', 24, 'Cargada en el (papel); en campo para encuestador.', 'fecha_carga_enc is not null  AND dispositivo_enc=2', 'nunca', NULL, 1);
INSERT INTO estados (est_ope, est_est, est_nombre, est_criterio, est_editar_encuesta, est_editar_tem, est_tlg) VALUES ('same2014', 19, 'en la TEM', 'true', 'nunca', NULL, 1);
INSERT INTO estados (est_ope, est_est, est_nombre, est_criterio, est_editar_encuesta, est_editar_tem, est_tlg) VALUES ('same2014', 20, 'Disponible para ser asignada por el recepcionista.', 'asignable=1', 'nunca', NULL, 1);
INSERT INTO estados (est_ope, est_est, est_nombre, est_criterio, est_editar_encuesta, est_editar_tem, est_tlg) VALUES ('same2014', 22, 'Asignada a encuestador.', 'cod_enc<>0 AND dispositivo_enc<>0', 'nunca', NULL, 1);
INSERT INTO estados (est_ope, est_est, est_nombre, est_criterio, est_editar_encuesta, est_editar_tem, est_tlg) VALUES ('same2014', 25, 'Descargada vacía para ingreso o para volver a cargar', 'fecha_descarga_enc is not null  AND con_dato_enc=0', 'nunca', NULL, 1);
INSERT INTO estados (est_ope, est_est, est_nombre, est_criterio, est_editar_encuesta, est_editar_tem, est_tlg) VALUES ('same2014', 27, 'Descargada/ingresada y en recepción (DM, papel) del encuestador.', 'fin_ingreso_enc=1 OR con_dato_enc=1 and a_ingreso_enc is null', 'siempre', NULL, 1);
INSERT INTO estados (est_ope, est_est, est_nombre, est_criterio, est_editar_encuesta, est_editar_tem, est_tlg) VALUES ('same2014', 26, 'En ingreso (de encuestador)', 'a_ingreso_enc=1', 'siempre', NULL, 1);
INSERT INTO estados (est_ope, est_est, est_nombre, est_criterio, est_editar_encuesta, est_editar_tem, est_tlg) VALUES ('same2014', 30, 'Disponible para ser asignada por el recepcionista.', '(norea=10 or norea>=71 and norea not in (91,95,96)) AND verificado_enc<>0 AND dominio = 3', 'nunca', NULL, 1);
INSERT INTO estados (est_ope, est_est, est_nombre, est_criterio, est_editar_encuesta, est_editar_tem, est_tlg) VALUES ('same2014', 32, 'Asignada a recuperador.', 'cod_recu<>0 AND dispositivo_recu<>0', 'nunca', NULL, 1);
INSERT INTO estados (est_ope, est_est, est_nombre, est_criterio, est_editar_encuesta, est_editar_tem, est_tlg) VALUES ('same2014', 33, 'Cargada en el (DM); en campo para recuperador.', 'fecha_carga_recu is not null  AND dispositivo_recu=1', 'descargando', NULL, 1);
INSERT INTO estados (est_ope, est_est, est_nombre, est_criterio, est_editar_encuesta, est_editar_tem, est_tlg) VALUES ('same2014', 34, 'Cargada en el (papel); en campo para recuperador.', 'fecha_carga_recu is not null  AND dispositivo_recu=2', 'nunca', NULL, 1);
INSERT INTO estados (est_ope, est_est, est_nombre, est_criterio, est_editar_encuesta, est_editar_tem, est_tlg) VALUES ('same2014', 53, 'Asignada a supervisión telefónica de recuperador', 'cod_sup <> 0 and (coalesce(sup_dirigida,sup_aleat)=4) and rea>=2', 'nunca', NULL, 1);
INSERT INTO estados (est_ope, est_est, est_nombre, est_criterio, est_editar_encuesta, est_editar_tem, est_tlg) VALUES ('same2014', 57, 'En recepción, supervisión telefónica de recuperador', 'result_sup<>0 and (coalesce(sup_dirigida,sup_aleat)=4) and rea>=2', 'nunca', NULL, 1);
INSERT INTO estados (est_ope, est_est, est_nombre, est_criterio, est_editar_encuesta, est_editar_tem, est_tlg) VALUES ('same2014', 46, 'En recepción, supervisión presencial', 'result_sup<>0', 'nunca', NULL, 1);
INSERT INTO estados (est_ope, est_est, est_nombre, est_criterio, est_editar_encuesta, est_editar_tem, est_tlg) VALUES ('same2014', 44, 'En campo, supervisión presencial', 'fecha_carga_sup is not null ', 'nunca', NULL, 1);
INSERT INTO estados (est_ope, est_est, est_nombre, est_criterio, est_editar_encuesta, est_editar_tem, est_tlg) VALUES ('same2014', 54, 'En campo, supervisión presencial de recuperador', 'fecha_carga_sup is not null and rea>=2', 'nunca', NULL, 1);
INSERT INTO estados (est_ope, est_est, est_nombre, est_criterio, est_editar_encuesta, est_editar_tem, est_tlg) VALUES ('same2014', 56, 'En recepción, supervisión presencial de recuperador', 'result_sup<>0 and rea>=2', 'nunca', NULL, 1);
INSERT INTO estados (est_ope, est_est, est_nombre, est_criterio, est_editar_encuesta, est_editar_tem, est_tlg) VALUES ('same2014', 40, 'Verificada y para asignar a supervisión presencial de encuestador.', '(((hog_tot>1 OR norea<70) AND norea is distinct from 10 AND norea is distinct from 18 AND norea is distinct from 61 AND rea_recu is null and norea_recu is null) OR (rea=1 AND (sup_aleat=3 OR sup_dirigida=3))) AND verificado_enc<>0', 'nunca', NULL, 1);
INSERT INTO estados (est_ope, est_est, est_nombre, est_criterio, est_editar_encuesta, est_editar_tem, est_tlg) VALUES ('same2014', 50, 'Verificada y para asignar a supervisión presencial de recuperador.', '(((hog_tot>1 OR norea<70) AND norea is distinct from 10 AND norea is distinct from 18 AND norea is distinct from 61) OR (rea=3 AND (sup_aleat=3 OR sup_dirigida=3))) AND verificado_recu<>0', 'nunca', NULL, 1);
INSERT INTO estados (est_ope, est_est, est_nombre, est_criterio, est_editar_encuesta, est_editar_tem, est_tlg) VALUES ('same2014', 79, 'Fin de análisis de consistencias', 'fin_anacon=1 AND norea is distinct from 18', 'procesamiento', NULL, 1);
INSERT INTO estados (est_ope, est_est, est_nombre, est_criterio, est_editar_encuesta, est_editar_tem, est_tlg) VALUES ('same2014', 69, 'En espera de terminación de fin de campo', 'norea is distinct from 18 and (verificado_ac=1 or verificado_enc=1 and ((rea=1 and hog_tot=1 and sup_aleat is null and sup_dirigida is null) or (norea is distinct from 18 and norea is distinct from 10 and dominio is distinct from 3 and sup_dirigida is null) or norea=61) or verificado_recu=1 and (rea=3 and hog_tot=1 and sup_aleat is null and sup_dirigida is null or (norea>=71 and norea not in (91,95,96)) or norea=61) or verificado_sup=1)  or verificado_enc=3 or verificado_recu=3', 'nunca', NULL, 1);
INSERT INTO estados (est_ope, est_est, est_nombre, est_criterio, est_editar_encuesta, est_editar_tem, est_tlg) VALUES ('same2014', 90, 'Fin de NOREA', 'fin_de_campo=1 and (rea=0 or rea=2) AND norea is distinct from 18', 'siempre', NULL, 1);
INSERT INTO estados (est_ope, est_est, est_nombre, est_criterio, est_editar_encuesta, est_editar_tem, est_tlg) VALUES ('same2014', 35, 'Descargada vacía para ingreso o para volver a cargar', 'fecha_descarga_recu is not null  AND con_dato_recu=0', 'nunca', NULL, 1);
INSERT INTO estados (est_ope, est_est, est_nombre, est_criterio, est_editar_encuesta, est_editar_tem, est_tlg) VALUES ('same2014', 37, 'Descargada y en recepción (DM, papel) del recuperador.', 'fin_ingreso_recu=1 OR con_dato_recu=1 and a_ingreso_recu is null', 'siempre', NULL, 1);
INSERT INTO estados (est_ope, est_est, est_nombre, est_criterio, est_editar_encuesta, est_editar_tem, est_tlg) VALUES ('same2014', 36, 'En ingreso (de recuperador)', 'a_ingreso_recu=1', 'siempre', NULL, 1);
INSERT INTO estados (est_ope, est_est, est_nombre, est_criterio, est_editar_encuesta, est_editar_tem, est_tlg) VALUES ('same2014', 41, 'Verificada y para asignar a supervisión telefónica de encuestador.', '(rea=1 AND sup_aleat=4) OR sup_dirigida=4', 'nunca', NULL, 1);
INSERT INTO estados (est_ope, est_est, est_nombre, est_criterio, est_editar_encuesta, est_editar_tem, est_tlg) VALUES ('same2014', 42, 'Asignada a supervisión presencial', 'cod_sup <> 0', 'nunca', NULL, 1);
INSERT INTO estados (est_ope, est_est, est_nombre, est_criterio, est_editar_encuesta, est_editar_tem, est_tlg) VALUES ('same2014', 51, 'Verificada y para asignar a supervisión telefónica de recuperador.', '((rea=3 AND sup_aleat=4) OR sup_dirigida=4) and rea>=2', 'nunca', NULL, 1);
INSERT INTO estados (est_ope, est_est, est_nombre, est_criterio, est_editar_encuesta, est_editar_tem, est_tlg) VALUES ('same2014', 52, 'Asignada a supervisión presencial de recuperador', 'cod_sup <> 0 and rea>=2', 'nunca', NULL, 1);
INSERT INTO estados (est_ope, est_est, est_nombre, est_criterio, est_editar_encuesta, est_editar_tem, est_tlg) VALUES ('same2014', 98, 'Fuera de muestra (IHPCT)', 'coalesce(verificado_ac, verificado_sup, verificado_recu, verificado_enc)=2 and dominio=4', 'nunca', NULL, 1);
INSERT INTO estados (est_ope, est_est, est_nombre, est_criterio, est_editar_encuesta, est_editar_tem, est_tlg) VALUES ('same2014', 60, 'Análisis de encuestas incompletas o con dudas', 'verificado_enc=4 and (rea=1 and hog_tot=1 or dominio=4 or dominio=5) and sup_aleat is null and sup_dirigida is null or verificado_recu=4 and rea=3 and hog_tot=1 and sup_aleat is null and sup_dirigida is null or verificado_sup=4 or norea=18 and (verificado_recu is not null or verificado_sup is not null)', 'siempre', NULL, 1);
INSERT INTO estados (est_ope, est_est, est_nombre, est_criterio, est_editar_encuesta, est_editar_tem, est_tlg) VALUES ('same2014', 65, 'Encuestas rechazadas en gabinete a limpiar', 'verificado_ac=6 or verificado_enc=6 or verificado_recu=6 or verificado_sup=6 or  result_sup=6', 'siempre', NULL, 1);
INSERT INTO estados (est_ope, est_est, est_nombre, est_criterio, est_editar_encuesta, est_editar_tem, est_tlg) VALUES ('same2014', 72, 'En análisis de consistencias', 'cod_anacon is not null AND norea is distinct from 18', 'siempre', NULL, 1);
INSERT INTO estados (est_ope, est_est, est_nombre, est_criterio, est_editar_encuesta, est_editar_tem, est_tlg) VALUES ('same2014', 43, 'Asignada a supervisión telefónica', 'cod_sup <> 0 and (coalesce(sup_dirigida,sup_aleat)=4)', 'nunca', NULL, 1);
INSERT INTO estados (est_ope, est_est, est_nombre, est_criterio, est_editar_encuesta, est_editar_tem, est_tlg) VALUES ('same2014', 47, 'En recepción, supervisión telefónica', 'result_sup<>0 and (coalesce(sup_dirigida,sup_aleat)=4)', 'nunca', NULL, 1);

INSERT INTO preguntas (pre_ope, pre_pre, pre_texto, pre_abreviado, pre_for, pre_mat, pre_blo, pre_aclaracion, pre_destino, pre_desp_opc, pre_desp_nombre, pre_orden, pre_tlg, pre_aclaracion_superior) VALUES ('same2014', 'bolsa', 'Carga de procesamiento', NULL, 'TEM', '', '', NULL, NULL, 'vertical', NULL, 790, 1, NULL);
INSERT INTO preguntas (pre_ope, pre_pre, pre_texto, pre_abreviado, pre_for, pre_mat, pre_blo, pre_aclaracion, pre_destino, pre_desp_opc, pre_desp_nombre, pre_orden, pre_tlg, pre_aclaracion_superior) VALUES ('same2014', 'a_ingreso_enc', 'Si fue pasado a ingreso', NULL, 'TEM', '', '', NULL, NULL, 'vertical', NULL, 170, 1, NULL);
INSERT INTO preguntas (pre_ope, pre_pre, pre_texto, pre_abreviado, pre_for, pre_mat, pre_blo, pre_aclaracion, pre_destino, pre_desp_opc, pre_desp_nombre, pre_orden, pre_tlg, pre_aclaracion_superior) VALUES ('same2014', 'a_ingreso_recu', 'Si fue pasado a ingreso', NULL, 'TEM', '', '', NULL, NULL, 'vertical', NULL, 430, 1, NULL);
INSERT INTO preguntas (pre_ope, pre_pre, pre_texto, pre_abreviado, pre_for, pre_mat, pre_blo, pre_aclaracion, pre_destino, pre_desp_opc, pre_desp_nombre, pre_orden, pre_tlg, pre_aclaracion_superior) VALUES ('same2014', 'asignable', 'La encuesta está lista para ser asignada a un encuestador ', NULL, 'TEM', '', '', NULL, NULL, 'vertical', NULL, 100, 1, NULL);
INSERT INTO preguntas (pre_ope, pre_pre, pre_texto, pre_abreviado, pre_for, pre_mat, pre_blo, pre_aclaracion, pre_destino, pre_desp_opc, pre_desp_nombre, pre_orden, pre_tlg, pre_aclaracion_superior) VALUES ('same2014', 'cantidad_inconsistencias', 'Cantidad de inconsistencias', NULL, 'TEM', '', '', NULL, NULL, 'vertical', NULL, 350, 1, NULL);
INSERT INTO preguntas (pre_ope, pre_pre, pre_texto, pre_abreviado, pre_for, pre_mat, pre_blo, pre_aclaracion, pre_destino, pre_desp_opc, pre_desp_nombre, pre_orden, pre_tlg, pre_aclaracion_superior) VALUES ('same2014', 'carga', 'Número de carga', NULL, 'TEM', '', '', NULL, NULL, 'vertical', NULL, 320, 1, NULL);
INSERT INTO preguntas (pre_ope, pre_pre, pre_texto, pre_abreviado, pre_for, pre_mat, pre_blo, pre_aclaracion, pre_destino, pre_desp_opc, pre_desp_nombre, pre_orden, pre_tlg, pre_aclaracion_superior) VALUES ('same2014', 'casa', 'número de casa en villa', NULL, 'TEM', '', '', NULL, NULL, 'vertical', NULL, 720, 1, NULL);
INSERT INTO preguntas (pre_ope, pre_pre, pre_texto, pre_abreviado, pre_for, pre_mat, pre_blo, pre_aclaracion, pre_destino, pre_desp_opc, pre_desp_nombre, pre_orden, pre_tlg, pre_aclaracion_superior) VALUES ('same2014', 'cod_anacon', 'Analista de consistencias asignado', NULL, 'TEM', '', '', NULL, NULL, 'vertical', NULL, 760, 1, NULL);
INSERT INTO preguntas (pre_ope, pre_pre, pre_texto, pre_abreviado, pre_for, pre_mat, pre_blo, pre_aclaracion, pre_destino, pre_desp_opc, pre_desp_nombre, pre_orden, pre_tlg, pre_aclaracion_superior) VALUES ('same2014', 'cod_enc', 'Encuestador asignado', NULL, 'TEM', '', '', NULL, NULL, 'vertical', NULL, 110, 1, NULL);
INSERT INTO preguntas (pre_ope, pre_pre, pre_texto, pre_abreviado, pre_for, pre_mat, pre_blo, pre_aclaracion, pre_destino, pre_desp_opc, pre_desp_nombre, pre_orden, pre_tlg, pre_aclaracion_superior) VALUES ('same2014', 'cod_recu', 'recuperador asignado', NULL, 'TEM', '', '', NULL, NULL, 'vertical', NULL, 380, 1, NULL);
INSERT INTO preguntas (pre_ope, pre_pre, pre_texto, pre_abreviado, pre_for, pre_mat, pre_blo, pre_aclaracion, pre_destino, pre_desp_opc, pre_desp_nombre, pre_orden, pre_tlg, pre_aclaracion_superior) VALUES ('same2014', 'cod_supe', 'Código de supervisor del encuestador', NULL, 'TEM', '', '', NULL, NULL, 'vertical', NULL, 540, 1, NULL);
INSERT INTO preguntas (pre_ope, pre_pre, pre_texto, pre_abreviado, pre_for, pre_mat, pre_blo, pre_aclaracion, pre_destino, pre_desp_opc, pre_desp_nombre, pre_orden, pre_tlg, pre_aclaracion_superior) VALUES ('same2014', 'cod_supr', 'Código de supervisor del encuestador', NULL, 'TEM', '', '', NULL, NULL, 'vertical', NULL, 610, 1, NULL);
INSERT INTO preguntas (pre_ope, pre_pre, pre_texto, pre_abreviado, pre_for, pre_mat, pre_blo, pre_aclaracion, pre_destino, pre_desp_opc, pre_desp_nombre, pre_orden, pre_tlg, pre_aclaracion_superior) VALUES ('same2014', 'comenzo_consistencias', 'Fecha de comienzo de consistencias', NULL, 'TEM', '', '', NULL, NULL, 'vertical', NULL, 370, 1, NULL);
INSERT INTO preguntas (pre_ope, pre_pre, pre_texto, pre_abreviado, pre_for, pre_mat, pre_blo, pre_aclaracion, pre_destino, pre_desp_opc, pre_desp_nombre, pre_orden, pre_tlg, pre_aclaracion_superior) VALUES ('same2014', 'comenzo_ingreso', 'Fecha de comienzo del ingreso de la encuesta', NULL, 'TEM', '', '', NULL, NULL, 'vertical', NULL, 230, 1, NULL);
INSERT INTO preguntas (pre_ope, pre_pre, pre_texto, pre_abreviado, pre_for, pre_mat, pre_blo, pre_aclaracion, pre_destino, pre_desp_opc, pre_desp_nombre, pre_orden, pre_tlg, pre_aclaracion_superior) VALUES ('same2014', 'con_dato_enc', 'Encuesta ingresada con dato', NULL, 'TEM', '', '', NULL, NULL, 'vertical', NULL, 310, 1, NULL);
INSERT INTO preguntas (pre_ope, pre_pre, pre_texto, pre_abreviado, pre_for, pre_mat, pre_blo, pre_aclaracion, pre_destino, pre_desp_opc, pre_desp_nombre, pre_orden, pre_tlg, pre_aclaracion_superior) VALUES ('same2014', 'con_dato_recu', 'Encuesta recuperada con datos', NULL, 'TEM', '', '', NULL, NULL, 'vertical', NULL, 500, 1, NULL);
INSERT INTO preguntas (pre_ope, pre_pre, pre_texto, pre_abreviado, pre_for, pre_mat, pre_blo, pre_aclaracion, pre_destino, pre_desp_opc, pre_desp_nombre, pre_orden, pre_tlg, pre_aclaracion_superior) VALUES ('same2014', 'dispositivo_enc', 'En qué tipo de dispositivo va a cargar', NULL, 'TEM', '', '', NULL, NULL, 'vertical', NULL, 120, 1, NULL);
INSERT INTO preguntas (pre_ope, pre_pre, pre_texto, pre_abreviado, pre_for, pre_mat, pre_blo, pre_aclaracion, pre_destino, pre_desp_opc, pre_desp_nombre, pre_orden, pre_tlg, pre_aclaracion_superior) VALUES ('same2014', 'dispositivo_recu', 'En qué tipo de dispositivo va a cargar', NULL, 'TEM', '', '', NULL, NULL, 'vertical', NULL, 390, 1, NULL);
INSERT INTO preguntas (pre_ope, pre_pre, pre_texto, pre_abreviado, pre_for, pre_mat, pre_blo, pre_aclaracion, pre_destino, pre_desp_opc, pre_desp_nombre, pre_orden, pre_tlg, pre_aclaracion_superior) VALUES ('same2014', 'dispositivo_supe', 'Fin de análisis de consistencias', NULL, 'TEM', '', '', NULL, NULL, 'vertical', NULL, 763, 1, NULL);
INSERT INTO preguntas (pre_ope, pre_pre, pre_texto, pre_abreviado, pre_for, pre_mat, pre_blo, pre_aclaracion, pre_destino, pre_desp_opc, pre_desp_nombre, pre_orden, pre_tlg, pre_aclaracion_superior) VALUES ('same2014', 'en_campo', 'Encuesta en campo', NULL, 'TEM', '', '', NULL, NULL, 'vertical', NULL, 700, 1, NULL);
INSERT INTO preguntas (pre_ope, pre_pre, pre_texto, pre_abreviado, pre_for, pre_mat, pre_blo, pre_aclaracion, pre_destino, pre_desp_opc, pre_desp_nombre, pre_orden, pre_tlg, pre_aclaracion_superior) VALUES ('same2014', 'estado', 'Estado en que se encuentra la encuesta', NULL, 'TEM', '', '', NULL, NULL, 'vertical', NULL, 90, 1, NULL);
INSERT INTO preguntas (pre_ope, pre_pre, pre_texto, pre_abreviado, pre_for, pre_mat, pre_blo, pre_aclaracion, pre_destino, pre_desp_opc, pre_desp_nombre, pre_orden, pre_tlg, pre_aclaracion_superior) VALUES ('same2014', 'etapa_pro', 'Etapa de procesamiento', NULL, 'TEM', '', '', NULL, NULL, 'vertical', NULL, 800, 1, NULL);
INSERT INTO preguntas (pre_ope, pre_pre, pre_texto, pre_abreviado, pre_for, pre_mat, pre_blo, pre_aclaracion, pre_destino, pre_desp_opc, pre_desp_nombre, pre_orden, pre_tlg, pre_aclaracion_superior) VALUES ('same2014', 'fecha_carga_enc', 'Fecha en que se cargó el dispositivo', NULL, 'TEM', '', '', NULL, NULL, 'vertical', NULL, 140, 1, NULL);
INSERT INTO preguntas (pre_ope, pre_pre, pre_texto, pre_abreviado, pre_for, pre_mat, pre_blo, pre_aclaracion, pre_destino, pre_desp_opc, pre_desp_nombre, pre_orden, pre_tlg, pre_aclaracion_superior) VALUES ('same2014', 'fecha_carga_recu', 'Fecha en que se cargó el dispositivo', NULL, 'TEM', '', '', NULL, NULL, 'vertical', NULL, 400, 1, NULL);
INSERT INTO preguntas (pre_ope, pre_pre, pre_texto, pre_abreviado, pre_for, pre_mat, pre_blo, pre_aclaracion, pre_destino, pre_desp_opc, pre_desp_nombre, pre_orden, pre_tlg, pre_aclaracion_superior) VALUES ('same2014', 'fecha_carga_supe', 'Fecha de carga del supervisor de encuestador', NULL, 'TEM', '', '', NULL, NULL, 'vertical', NULL, 560, 1, NULL);
INSERT INTO preguntas (pre_ope, pre_pre, pre_texto, pre_abreviado, pre_for, pre_mat, pre_blo, pre_aclaracion, pre_destino, pre_desp_opc, pre_desp_nombre, pre_orden, pre_tlg, pre_aclaracion_superior) VALUES ('same2014', 'fecha_carga_supr', 'Fecha de carga del supervisor de recuperador', NULL, 'TEM', '', '', NULL, NULL, 'vertical', NULL, 630, 1, NULL);
INSERT INTO preguntas (pre_ope, pre_pre, pre_texto, pre_abreviado, pre_for, pre_mat, pre_blo, pre_aclaracion, pre_destino, pre_desp_opc, pre_desp_nombre, pre_orden, pre_tlg, pre_aclaracion_superior) VALUES ('same2014', 'fecha_comenzo_descarga', 'fecha de comienzo de la descarga', NULL, 'TEM', '', '', NULL, NULL, 'vertical', NULL, 710, 1, NULL);
INSERT INTO preguntas (pre_ope, pre_pre, pre_texto, pre_abreviado, pre_for, pre_mat, pre_blo, pre_aclaracion, pre_destino, pre_desp_opc, pre_desp_nombre, pre_orden, pre_tlg, pre_aclaracion_superior) VALUES ('same2014', 'fecha_descarga_enc', 'Fecha en que se descargó', NULL, 'TEM', '', '', NULL, NULL, 'vertical', NULL, 160, 1, NULL);
INSERT INTO preguntas (pre_ope, pre_pre, pre_texto, pre_abreviado, pre_for, pre_mat, pre_blo, pre_aclaracion, pre_destino, pre_desp_opc, pre_desp_nombre, pre_orden, pre_tlg, pre_aclaracion_superior) VALUES ('same2014', 'fecha_descarga_recu', 'Fecha en que se descargó', NULL, 'TEM', '', '', NULL, NULL, 'vertical', NULL, 420, 1, NULL);
INSERT INTO preguntas (pre_ope, pre_pre, pre_texto, pre_abreviado, pre_for, pre_mat, pre_blo, pre_aclaracion, pre_destino, pre_desp_opc, pre_desp_nombre, pre_orden, pre_tlg, pre_aclaracion_superior) VALUES ('same2014', 'fecha_primcarga_enc', 'Fecha de la primera vez que se cargó el dispositivo', NULL, 'TEM', '', '', NULL, NULL, 'vertical', NULL, 150, 1, NULL);
INSERT INTO preguntas (pre_ope, pre_pre, pre_texto, pre_abreviado, pre_for, pre_mat, pre_blo, pre_aclaracion, pre_destino, pre_desp_opc, pre_desp_nombre, pre_orden, pre_tlg, pre_aclaracion_superior) VALUES ('same2014', 'fecha_primcarga_recu', 'Fecha de la primera vez que se cargó el dispositivo', NULL, 'TEM', '', '', NULL, NULL, 'vertical', NULL, 410, 1, NULL);
INSERT INTO preguntas (pre_ope, pre_pre, pre_texto, pre_abreviado, pre_for, pre_mat, pre_blo, pre_aclaracion, pre_destino, pre_desp_opc, pre_desp_nombre, pre_orden, pre_tlg, pre_aclaracion_superior) VALUES ('same2014', 'fecha_primcarga_supe', 'fecha primera carga supervisor encuestador', NULL, 'TEM', '', '', NULL, NULL, 'vertical', NULL, 770, 1, NULL);
INSERT INTO preguntas (pre_ope, pre_pre, pre_texto, pre_abreviado, pre_for, pre_mat, pre_blo, pre_aclaracion, pre_destino, pre_desp_opc, pre_desp_nombre, pre_orden, pre_tlg, pre_aclaracion_superior) VALUES ('same2014', 'fecha_primcarga_supr', 'fecha primera carga supervisor recuperador', NULL, 'TEM', '', '', NULL, NULL, 'vertical', NULL, 780, 1, NULL);
INSERT INTO preguntas (pre_ope, pre_pre, pre_texto, pre_abreviado, pre_for, pre_mat, pre_blo, pre_aclaracion, pre_destino, pre_desp_opc, pre_desp_nombre, pre_orden, pre_tlg, pre_aclaracion_superior) VALUES ('same2014', 'fin_anacon', 'Fin de análisis de consistencias', NULL, 'TEM', '', '', NULL, NULL, 'vertical', NULL, 763, 1, NULL);
INSERT INTO preguntas (pre_ope, pre_pre, pre_texto, pre_abreviado, pre_for, pre_mat, pre_blo, pre_aclaracion, pre_destino, pre_desp_opc, pre_desp_nombre, pre_orden, pre_tlg, pre_aclaracion_superior) VALUES ('same2014', 'fin_de_campo', 'fin de campo', NULL, 'TEM', '', '', NULL, NULL, 'vertical', NULL, 750, 1, NULL);
INSERT INTO preguntas (pre_ope, pre_pre, pre_texto, pre_abreviado, pre_for, pre_mat, pre_blo, pre_aclaracion, pre_destino, pre_desp_opc, pre_desp_nombre, pre_orden, pre_tlg, pre_aclaracion_superior) VALUES ('same2014', 'fin_ingreso_enc', 'finalizó el ingreso de la encuesta', NULL, 'TEM', '', '', NULL, NULL, 'vertical', NULL, 210, 1, NULL);
INSERT INTO preguntas (pre_ope, pre_pre, pre_texto, pre_abreviado, pre_for, pre_mat, pre_blo, pre_aclaracion, pre_destino, pre_desp_opc, pre_desp_nombre, pre_orden, pre_tlg, pre_aclaracion_superior) VALUES ('same2014', 'fin_ingreso_recu', 'finalizó el ingreso de la encuesta', NULL, 'TEM', '', '', NULL, NULL, 'vertical', NULL, 470, 1, NULL);
INSERT INTO preguntas (pre_ope, pre_pre, pre_texto, pre_abreviado, pre_for, pre_mat, pre_blo, pre_aclaracion, pre_destino, pre_desp_opc, pre_desp_nombre, pre_orden, pre_tlg, pre_aclaracion_superior) VALUES ('same2014', 'hog_pre', 'hogares presentes', NULL, 'TEM', '', '', NULL, NULL, 'vertical', NULL, 270, 1, NULL);
INSERT INTO preguntas (pre_ope, pre_pre, pre_texto, pre_abreviado, pre_for, pre_mat, pre_blo, pre_aclaracion, pre_destino, pre_desp_opc, pre_desp_nombre, pre_orden, pre_tlg, pre_aclaracion_superior) VALUES ('same2014', 'hog_tot', 'hogares totales', NULL, 'TEM', '', '', NULL, NULL, 'vertical', NULL, 280, 1, NULL);
INSERT INTO preguntas (pre_ope, pre_pre, pre_texto, pre_abreviado, pre_for, pre_mat, pre_blo, pre_aclaracion, pre_destino, pre_desp_opc, pre_desp_nombre, pre_orden, pre_tlg, pre_aclaracion_superior) VALUES ('same2014', 'inq_ocu_flia', 'habitaciones del inquilinato ocupadas', NULL, 'TEM', '', '', NULL, NULL, 'vertical', NULL, 750, 1, NULL);
INSERT INTO preguntas (pre_ope, pre_pre, pre_texto, pre_abreviado, pre_for, pre_mat, pre_blo, pre_aclaracion, pre_destino, pre_desp_opc, pre_desp_nombre, pre_orden, pre_tlg, pre_aclaracion_superior) VALUES ('same2014', 'inq_tot_hab', 'total de habitaciones del inquilinato', NULL, 'TEM', '', '', NULL, NULL, 'vertical', NULL, 740, 1, NULL);
INSERT INTO preguntas (pre_ope, pre_pre, pre_texto, pre_abreviado, pre_for, pre_mat, pre_blo, pre_aclaracion, pre_destino, pre_desp_opc, pre_desp_nombre, pre_orden, pre_tlg, pre_aclaracion_superior) VALUES ('same2014', 'manzana', 'manzana de villa', NULL, 'TEM', '', '', NULL, NULL, 'vertical', NULL, 730, 1, NULL);
INSERT INTO preguntas (pre_ope, pre_pre, pre_texto, pre_abreviado, pre_for, pre_mat, pre_blo, pre_aclaracion, pre_destino, pre_desp_opc, pre_desp_nombre, pre_orden, pre_tlg, pre_aclaracion_superior) VALUES ('same2014', 'norea', 'NO REA total', NULL, 'TEM', '', '', NULL, NULL, 'vertical', NULL, 260, 1, NULL);
INSERT INTO preguntas (pre_ope, pre_pre, pre_texto, pre_abreviado, pre_for, pre_mat, pre_blo, pre_aclaracion, pre_destino, pre_desp_opc, pre_desp_nombre, pre_orden, pre_tlg, pre_aclaracion_superior) VALUES ('same2014', 'norea_enc', 'NO REA del encuestador', NULL, 'TEM', '', '', NULL, NULL, 'vertical', NULL, 240, 1, NULL);
INSERT INTO preguntas (pre_ope, pre_pre, pre_texto, pre_abreviado, pre_for, pre_mat, pre_blo, pre_aclaracion, pre_destino, pre_desp_opc, pre_desp_nombre, pre_orden, pre_tlg, pre_aclaracion_superior) VALUES ('same2014', 'norea_recu', 'NO REA del recuperador', NULL, 'TEM', '', '', NULL, NULL, 'vertical', NULL, 490, 1, NULL);
INSERT INTO preguntas (pre_ope, pre_pre, pre_texto, pre_abreviado, pre_for, pre_mat, pre_blo, pre_aclaracion, pre_destino, pre_desp_opc, pre_desp_nombre, pre_orden, pre_tlg, pre_aclaracion_superior) VALUES ('same2014', 'norea_sup', 'NO REA del supervisor', NULL, 'TEM', '', '', NULL, NULL, 'vertical', NULL, 810, 1, NULL);
INSERT INTO preguntas (pre_ope, pre_pre, pre_texto, pre_abreviado, pre_for, pre_mat, pre_blo, pre_aclaracion, pre_destino, pre_desp_opc, pre_desp_nombre, pre_orden, pre_tlg, pre_aclaracion_superior) VALUES ('same2014', 'per', 'Código de persona', NULL, 'TEM', '', '', NULL, NULL, 'vertical', NULL, 680, 1, NULL);
INSERT INTO preguntas (pre_ope, pre_pre, pre_texto, pre_abreviado, pre_for, pre_mat, pre_blo, pre_aclaracion, pre_destino, pre_desp_opc, pre_desp_nombre, pre_orden, pre_tlg, pre_aclaracion_superior) VALUES ('same2014', 'pob_pre', 'población presente', NULL, 'TEM', '', '', NULL, NULL, 'vertical', NULL, 290, 1, NULL);
INSERT INTO preguntas (pre_ope, pre_pre, pre_texto, pre_abreviado, pre_for, pre_mat, pre_blo, pre_aclaracion, pre_destino, pre_desp_opc, pre_desp_nombre, pre_orden, pre_tlg, pre_aclaracion_superior) VALUES ('same2014', 'pob_tot', 'población total', NULL, 'TEM', '', '', NULL, NULL, 'vertical', NULL, 300, 1, NULL);
INSERT INTO preguntas (pre_ope, pre_pre, pre_texto, pre_abreviado, pre_for, pre_mat, pre_blo, pre_aclaracion, pre_destino, pre_desp_opc, pre_desp_nombre, pre_orden, pre_tlg, pre_aclaracion_superior) VALUES ('same2014', 'rea', 'REA total', NULL, 'TEM', '', '', NULL, NULL, 'vertical', NULL, 250, 1, NULL);
INSERT INTO preguntas (pre_ope, pre_pre, pre_texto, pre_abreviado, pre_for, pre_mat, pre_blo, pre_aclaracion, pre_destino, pre_desp_opc, pre_desp_nombre, pre_orden, pre_tlg, pre_aclaracion_superior) VALUES ('same2014', 'rea_enc', 'REA del encuestador', NULL, 'TEM', '', '', NULL, NULL, 'vertical', NULL, 220, 1, NULL);
INSERT INTO preguntas (pre_ope, pre_pre, pre_texto, pre_abreviado, pre_for, pre_mat, pre_blo, pre_aclaracion, pre_destino, pre_desp_opc, pre_desp_nombre, pre_orden, pre_tlg, pre_aclaracion_superior) VALUES ('same2014', 'rea_recu', 'REA del recuperador', NULL, 'TEM', '', '', NULL, NULL, 'vertical', NULL, 480, 1, NULL);
INSERT INTO preguntas (pre_ope, pre_pre, pre_texto, pre_abreviado, pre_for, pre_mat, pre_blo, pre_aclaracion, pre_destino, pre_desp_opc, pre_desp_nombre, pre_orden, pre_tlg, pre_aclaracion_superior) VALUES ('same2014', 'recepcionista', 'Código de recepcionista que asignó la encuesta ', NULL, 'TEM', '', '', NULL, NULL, 'vertical', NULL, 130, 1, NULL);
INSERT INTO preguntas (pre_ope, pre_pre, pre_texto, pre_abreviado, pre_for, pre_mat, pre_blo, pre_aclaracion, pre_destino, pre_desp_opc, pre_desp_nombre, pre_orden, pre_tlg, pre_aclaracion_superior) VALUES ('same2014', 'resol_campo', 'Resolución de campo', NULL, 'TEM', '', '', NULL, NULL, 'vertical', NULL, 850, 1, NULL);
INSERT INTO preguntas (pre_ope, pre_pre, pre_texto, pre_abreviado, pre_for, pre_mat, pre_blo, pre_aclaracion, pre_destino, pre_desp_opc, pre_desp_nombre, pre_orden, pre_tlg, pre_aclaracion_superior) VALUES ('same2014', 'result_supe', 'Resultado de la supervisión de encuestador', NULL, 'TEM', '', '', NULL, NULL, 'vertical', NULL, 570, 1, NULL);
INSERT INTO preguntas (pre_ope, pre_pre, pre_texto, pre_abreviado, pre_for, pre_mat, pre_blo, pre_aclaracion, pre_destino, pre_desp_opc, pre_desp_nombre, pre_orden, pre_tlg, pre_aclaracion_superior) VALUES ('same2014', 'result_supr', 'Resultado de la supervisión de recuperador', NULL, 'TEM', '', '', NULL, NULL, 'vertical', NULL, 640, 1, NULL);
INSERT INTO preguntas (pre_ope, pre_pre, pre_texto, pre_abreviado, pre_for, pre_mat, pre_blo, pre_aclaracion, pre_destino, pre_desp_opc, pre_desp_nombre, pre_orden, pre_tlg, pre_aclaracion_superior) VALUES ('same2014', 'rol', 'Rol', NULL, 'TEM', '', '', NULL, NULL, 'vertical', NULL, 690, 1, NULL);
INSERT INTO preguntas (pre_ope, pre_pre, pre_texto, pre_abreviado, pre_for, pre_mat, pre_blo, pre_aclaracion, pre_destino, pre_desp_opc, pre_desp_nombre, pre_orden, pre_tlg, pre_aclaracion_superior) VALUES ('same2014', 'sup_aleat_enc', 'supervisión aleatoria', NULL, 'TEM', '', '', NULL, NULL, 'vertical', NULL, 330, 1, NULL);
INSERT INTO preguntas (pre_ope, pre_pre, pre_texto, pre_abreviado, pre_for, pre_mat, pre_blo, pre_aclaracion, pre_destino, pre_desp_opc, pre_desp_nombre, pre_orden, pre_tlg, pre_aclaracion_superior) VALUES ('same2014', 'sup_aleat_recu', 'supervisión aleatoria', NULL, 'TEM', '', '', NULL, NULL, 'vertical', NULL, 510, 1, NULL);
INSERT INTO preguntas (pre_ope, pre_pre, pre_texto, pre_abreviado, pre_for, pre_mat, pre_blo, pre_aclaracion, pre_destino, pre_desp_opc, pre_desp_nombre, pre_orden, pre_tlg, pre_aclaracion_superior) VALUES ('same2014', 'sup_dirigida_enc', 'supervisión dirigida', NULL, 'TEM', '', '', NULL, NULL, 'vertical', NULL, 340, 1, NULL);
INSERT INTO preguntas (pre_ope, pre_pre, pre_texto, pre_abreviado, pre_for, pre_mat, pre_blo, pre_aclaracion, pre_destino, pre_desp_opc, pre_desp_nombre, pre_orden, pre_tlg, pre_aclaracion_superior) VALUES ('same2014', 'sup_dirigida_recu', 'supervisión dirigida', NULL, 'TEM', '', '', NULL, NULL, 'vertical', NULL, 520, 1, NULL);
INSERT INTO preguntas (pre_ope, pre_pre, pre_texto, pre_abreviado, pre_for, pre_mat, pre_blo, pre_aclaracion, pre_destino, pre_desp_opc, pre_desp_nombre, pre_orden, pre_tlg, pre_aclaracion_superior) VALUES ('same2014', 'verificado_ac', 'verificado del analista de campo', NULL, 'TEM', '', '', NULL, NULL, 'vertical', NULL, 730, 1, NULL);
INSERT INTO preguntas (pre_ope, pre_pre, pre_texto, pre_abreviado, pre_for, pre_mat, pre_blo, pre_aclaracion, pre_destino, pre_desp_opc, pre_desp_nombre, pre_orden, pre_tlg, pre_aclaracion_superior) VALUES ('same2014', 'verificado_enc', 'finalizó la recepción', NULL, 'TEM', '', '', NULL, NULL, 'vertical', NULL, 360, 1, NULL);
INSERT INTO preguntas (pre_ope, pre_pre, pre_texto, pre_abreviado, pre_for, pre_mat, pre_blo, pre_aclaracion, pre_destino, pre_desp_opc, pre_desp_nombre, pre_orden, pre_tlg, pre_aclaracion_superior) VALUES ('same2014', 'verificado_recu', 'finalizó la recuperación', NULL, 'TEM', '', '', NULL, NULL, 'vertical', NULL, 530, 1, NULL);
INSERT INTO preguntas (pre_ope, pre_pre, pre_texto, pre_abreviado, pre_for, pre_mat, pre_blo, pre_aclaracion, pre_destino, pre_desp_opc, pre_desp_nombre, pre_orden, pre_tlg, pre_aclaracion_superior) VALUES ('same2014', 'verificado_supe', 'finalizó la supervisión de encuestador', NULL, 'TEM', '', '', NULL, NULL, 'vertical', NULL, 590, 1, NULL);
INSERT INTO preguntas (pre_ope, pre_pre, pre_texto, pre_abreviado, pre_for, pre_mat, pre_blo, pre_aclaracion, pre_destino, pre_desp_opc, pre_desp_nombre, pre_orden, pre_tlg, pre_aclaracion_superior) VALUES ('same2014', 'verificado_supr', 'finalizó la supervisión de recuperador', NULL, 'TEM', '', '', NULL, NULL, 'vertical', NULL, 660, 1, NULL);
INSERT INTO preguntas (pre_ope, pre_pre, pre_texto, pre_abreviado, pre_for, pre_mat, pre_blo, pre_aclaracion, pre_destino, pre_desp_opc, pre_desp_nombre, pre_orden, pre_tlg, pre_aclaracion_superior) VALUES ('same2014', 'volver_a_cargar_enc', 'Si la encuesta se volverá a cargar', NULL, 'TEM', '', '', NULL, NULL, 'vertical', NULL, 190, 1, NULL);
INSERT INTO preguntas (pre_ope, pre_pre, pre_texto, pre_abreviado, pre_for, pre_mat, pre_blo, pre_aclaracion, pre_destino, pre_desp_opc, pre_desp_nombre, pre_orden, pre_tlg, pre_aclaracion_superior) VALUES ('same2014', 'volver_a_cargar_recu', 'Vuelve a cargar para el recuperador', NULL, 'TEM', '', '', NULL, NULL, 'vertical', NULL, 450, 1, NULL);


INSERT INTO variables (var_ope, var_for, var_mat, var_pre, var_var, var_texto, var_aclaracion, var_conopc, var_conopc_texto, var_tipovar, var_destino, var_subordinada_var, var_subordinada_opcion, var_desp_nombre, var_expresion_habilitar, var_optativa, var_editable_por, var_orden, var_nsnc_atipico, var_mejor_de_pregunta, var_maximo, var_minimo, var_advertencia_sup, var_advertencia_inf, var_destino_nsnc, var_calculada, var_baseusuario, var_nombrevar_baseusuario, var_tlg, var_nombre_dr) VALUES ('same2014', 'TEM', '', 'a_ingreso_enc', 'a_ingreso_enc', NULL, NULL, NULL, NULL, 'numeros', NULL, NULL, NULL, NULL, NULL, NULL, NULL, NULL, NULL, NULL, NULL, NULL, NULL, NULL, NULL, '', false, NULL, 1, NULL);
INSERT INTO variables (var_ope, var_for, var_mat, var_pre, var_var, var_texto, var_aclaracion, var_conopc, var_conopc_texto, var_tipovar, var_destino, var_subordinada_var, var_subordinada_opcion, var_desp_nombre, var_expresion_habilitar, var_optativa, var_editable_por, var_orden, var_nsnc_atipico, var_mejor_de_pregunta, var_maximo, var_minimo, var_advertencia_sup, var_advertencia_inf, var_destino_nsnc, var_calculada, var_baseusuario, var_nombrevar_baseusuario, var_tlg, var_nombre_dr) VALUES ('same2014', 'TEM', '', 'a_ingreso_recu', 'a_ingreso_recu', NULL, NULL, NULL, NULL, 'numeros', NULL, NULL, NULL, NULL, NULL, NULL, NULL, NULL, NULL, NULL, NULL, NULL, NULL, NULL, NULL, '', false, NULL, 1, NULL);
INSERT INTO variables (var_ope, var_for, var_mat, var_pre, var_var, var_texto, var_aclaracion, var_conopc, var_conopc_texto, var_tipovar, var_destino, var_subordinada_var, var_subordinada_opcion, var_desp_nombre, var_expresion_habilitar, var_optativa, var_editable_por, var_orden, var_nsnc_atipico, var_mejor_de_pregunta, var_maximo, var_minimo, var_advertencia_sup, var_advertencia_inf, var_destino_nsnc, var_calculada, var_baseusuario, var_nombrevar_baseusuario, var_tlg, var_nombre_dr) VALUES ('same2014', 'TEM', '', 'asignable', 'asignable', NULL, NULL, NULL, NULL, 'numeros', NULL, NULL, NULL, NULL, NULL, NULL, NULL, NULL, NULL, NULL, NULL, NULL, NULL, NULL, NULL, '', false, NULL, 1, NULL);
INSERT INTO variables (var_ope, var_for, var_mat, var_pre, var_var, var_texto, var_aclaracion, var_conopc, var_conopc_texto, var_tipovar, var_destino, var_subordinada_var, var_subordinada_opcion, var_desp_nombre, var_expresion_habilitar, var_optativa, var_editable_por, var_orden, var_nsnc_atipico, var_mejor_de_pregunta, var_maximo, var_minimo, var_advertencia_sup, var_advertencia_inf, var_destino_nsnc, var_calculada, var_baseusuario, var_nombrevar_baseusuario, var_tlg, var_nombre_dr) VALUES ('same2014', 'TEM', '', 'bolsa', 'bolsa', NULL, NULL, NULL, NULL, 'numeros', NULL, NULL, NULL, NULL, NULL, NULL, NULL, NULL, NULL, NULL, NULL, NULL, NULL, NULL, NULL, '', false, NULL, 1, NULL);
INSERT INTO variables (var_ope, var_for, var_mat, var_pre, var_var, var_texto, var_aclaracion, var_conopc, var_conopc_texto, var_tipovar, var_destino, var_subordinada_var, var_subordinada_opcion, var_desp_nombre, var_expresion_habilitar, var_optativa, var_editable_por, var_orden, var_nsnc_atipico, var_mejor_de_pregunta, var_maximo, var_minimo, var_advertencia_sup, var_advertencia_inf, var_destino_nsnc, var_calculada, var_baseusuario, var_nombrevar_baseusuario, var_tlg, var_nombre_dr) VALUES ('same2014', 'TEM', '', 'cantidad_inconsistencias', 'cantidad_inconsistencias', NULL, NULL, NULL, NULL, 'numeros', NULL, NULL, NULL, NULL, NULL, NULL, NULL, NULL, NULL, NULL, NULL, NULL, NULL, NULL, NULL, '', false, NULL, 1, NULL);
INSERT INTO variables (var_ope, var_for, var_mat, var_pre, var_var, var_texto, var_aclaracion, var_conopc, var_conopc_texto, var_tipovar, var_destino, var_subordinada_var, var_subordinada_opcion, var_desp_nombre, var_expresion_habilitar, var_optativa, var_editable_por, var_orden, var_nsnc_atipico, var_mejor_de_pregunta, var_maximo, var_minimo, var_advertencia_sup, var_advertencia_inf, var_destino_nsnc, var_calculada, var_baseusuario, var_nombrevar_baseusuario, var_tlg, var_nombre_dr) VALUES ('same2014', 'TEM', '', 'carga', 'carga', NULL, NULL, NULL, NULL, 'numeros', NULL, NULL, NULL, NULL, NULL, NULL, NULL, NULL, NULL, NULL, NULL, NULL, NULL, NULL, NULL, '', false, NULL, 1, NULL);
INSERT INTO variables (var_ope, var_for, var_mat, var_pre, var_var, var_texto, var_aclaracion, var_conopc, var_conopc_texto, var_tipovar, var_destino, var_subordinada_var, var_subordinada_opcion, var_desp_nombre, var_expresion_habilitar, var_optativa, var_editable_por, var_orden, var_nsnc_atipico, var_mejor_de_pregunta, var_maximo, var_minimo, var_advertencia_sup, var_advertencia_inf, var_destino_nsnc, var_calculada, var_baseusuario, var_nombrevar_baseusuario, var_tlg, var_nombre_dr) VALUES ('same2014', 'TEM', '', 'casa', 'casa', NULL, NULL, NULL, NULL, 'texto', NULL, NULL, NULL, NULL, NULL, NULL, NULL, NULL, NULL, NULL, NULL, NULL, NULL, NULL, NULL, NULL, false, NULL, 1, NULL);
INSERT INTO variables (var_ope, var_for, var_mat, var_pre, var_var, var_texto, var_aclaracion, var_conopc, var_conopc_texto, var_tipovar, var_destino, var_subordinada_var, var_subordinada_opcion, var_desp_nombre, var_expresion_habilitar, var_optativa, var_editable_por, var_orden, var_nsnc_atipico, var_mejor_de_pregunta, var_maximo, var_minimo, var_advertencia_sup, var_advertencia_inf, var_destino_nsnc, var_calculada, var_baseusuario, var_nombrevar_baseusuario, var_tlg, var_nombre_dr) VALUES ('same2014', 'TEM', '', 'cod_anacon', 'cod_anacon', NULL, NULL, NULL, NULL, 'texto', NULL, NULL, NULL, NULL, NULL, NULL, NULL, NULL, NULL, NULL, NULL, NULL, NULL, NULL, NULL, '', false, NULL, 1, NULL);
INSERT INTO variables (var_ope, var_for, var_mat, var_pre, var_var, var_texto, var_aclaracion, var_conopc, var_conopc_texto, var_tipovar, var_destino, var_subordinada_var, var_subordinada_opcion, var_desp_nombre, var_expresion_habilitar, var_optativa, var_editable_por, var_orden, var_nsnc_atipico, var_mejor_de_pregunta, var_maximo, var_minimo, var_advertencia_sup, var_advertencia_inf, var_destino_nsnc, var_calculada, var_baseusuario, var_nombrevar_baseusuario, var_tlg, var_nombre_dr) VALUES ('same2014', 'TEM', '', 'cod_enc', 'cod_enc', NULL, NULL, NULL, NULL, 'numeros', NULL, NULL, NULL, NULL, NULL, NULL, NULL, NULL, NULL, NULL, NULL, NULL, NULL, NULL, NULL, '', false, NULL, 1, NULL);
INSERT INTO variables (var_ope, var_for, var_mat, var_pre, var_var, var_texto, var_aclaracion, var_conopc, var_conopc_texto, var_tipovar, var_destino, var_subordinada_var, var_subordinada_opcion, var_desp_nombre, var_expresion_habilitar, var_optativa, var_editable_por, var_orden, var_nsnc_atipico, var_mejor_de_pregunta, var_maximo, var_minimo, var_advertencia_sup, var_advertencia_inf, var_destino_nsnc, var_calculada, var_baseusuario, var_nombrevar_baseusuario, var_tlg, var_nombre_dr) VALUES ('same2014', 'TEM', '', 'cod_recu', 'cod_recu', NULL, NULL, NULL, NULL, 'numeros', NULL, NULL, NULL, NULL, NULL, NULL, NULL, NULL, NULL, NULL, NULL, NULL, NULL, NULL, NULL, '', false, NULL, 1, NULL);
INSERT INTO variables (var_ope, var_for, var_mat, var_pre, var_var, var_texto, var_aclaracion, var_conopc, var_conopc_texto, var_tipovar, var_destino, var_subordinada_var, var_subordinada_opcion, var_desp_nombre, var_expresion_habilitar, var_optativa, var_editable_por, var_orden, var_nsnc_atipico, var_mejor_de_pregunta, var_maximo, var_minimo, var_advertencia_sup, var_advertencia_inf, var_destino_nsnc, var_calculada, var_baseusuario, var_nombrevar_baseusuario, var_tlg, var_nombre_dr) VALUES ('same2014', 'TEM', '', 'cod_supe', 'cod_sup', NULL, NULL, NULL, NULL, 'numeros', NULL, NULL, NULL, NULL, NULL, NULL, NULL, NULL, NULL, NULL, NULL, NULL, NULL, NULL, NULL, '', false, NULL, 1, NULL);
INSERT INTO variables (var_ope, var_for, var_mat, var_pre, var_var, var_texto, var_aclaracion, var_conopc, var_conopc_texto, var_tipovar, var_destino, var_subordinada_var, var_subordinada_opcion, var_desp_nombre, var_expresion_habilitar, var_optativa, var_editable_por, var_orden, var_nsnc_atipico, var_mejor_de_pregunta, var_maximo, var_minimo, var_advertencia_sup, var_advertencia_inf, var_destino_nsnc, var_calculada, var_baseusuario, var_nombrevar_baseusuario, var_tlg, var_nombre_dr) VALUES ('same2014', 'TEM', '', 'comenzo_consistencias', 'comenzo_consistencias', NULL, NULL, NULL, NULL, 'timestamp', NULL, NULL, NULL, NULL, NULL, NULL, NULL, NULL, NULL, NULL, NULL, NULL, NULL, NULL, NULL, '', false, NULL, 1, NULL);
INSERT INTO variables (var_ope, var_for, var_mat, var_pre, var_var, var_texto, var_aclaracion, var_conopc, var_conopc_texto, var_tipovar, var_destino, var_subordinada_var, var_subordinada_opcion, var_desp_nombre, var_expresion_habilitar, var_optativa, var_editable_por, var_orden, var_nsnc_atipico, var_mejor_de_pregunta, var_maximo, var_minimo, var_advertencia_sup, var_advertencia_inf, var_destino_nsnc, var_calculada, var_baseusuario, var_nombrevar_baseusuario, var_tlg, var_nombre_dr) VALUES ('same2014', 'TEM', '', 'comenzo_ingreso', 'comenzo_ingreso', NULL, NULL, NULL, NULL, 'timestamp', NULL, NULL, NULL, NULL, NULL, NULL, NULL, NULL, NULL, NULL, NULL, NULL, NULL, NULL, NULL, '', false, NULL, 1, NULL);
INSERT INTO variables (var_ope, var_for, var_mat, var_pre, var_var, var_texto, var_aclaracion, var_conopc, var_conopc_texto, var_tipovar, var_destino, var_subordinada_var, var_subordinada_opcion, var_desp_nombre, var_expresion_habilitar, var_optativa, var_editable_por, var_orden, var_nsnc_atipico, var_mejor_de_pregunta, var_maximo, var_minimo, var_advertencia_sup, var_advertencia_inf, var_destino_nsnc, var_calculada, var_baseusuario, var_nombrevar_baseusuario, var_tlg, var_nombre_dr) VALUES ('same2014', 'TEM', '', 'con_dato_enc', 'con_dato_enc', NULL, NULL, NULL, NULL, 'numeros', NULL, NULL, NULL, NULL, NULL, NULL, NULL, NULL, NULL, NULL, NULL, NULL, NULL, NULL, NULL, '', false, NULL, 1, NULL);
INSERT INTO variables (var_ope, var_for, var_mat, var_pre, var_var, var_texto, var_aclaracion, var_conopc, var_conopc_texto, var_tipovar, var_destino, var_subordinada_var, var_subordinada_opcion, var_desp_nombre, var_expresion_habilitar, var_optativa, var_editable_por, var_orden, var_nsnc_atipico, var_mejor_de_pregunta, var_maximo, var_minimo, var_advertencia_sup, var_advertencia_inf, var_destino_nsnc, var_calculada, var_baseusuario, var_nombrevar_baseusuario, var_tlg, var_nombre_dr) VALUES ('same2014', 'TEM', '', 'con_dato_recu', 'con_dato_recu', NULL, NULL, NULL, NULL, 'numeros', NULL, NULL, NULL, NULL, NULL, NULL, NULL, NULL, NULL, NULL, NULL, NULL, NULL, NULL, NULL, '', false, NULL, 1, NULL);
INSERT INTO variables (var_ope, var_for, var_mat, var_pre, var_var, var_texto, var_aclaracion, var_conopc, var_conopc_texto, var_tipovar, var_destino, var_subordinada_var, var_subordinada_opcion, var_desp_nombre, var_expresion_habilitar, var_optativa, var_editable_por, var_orden, var_nsnc_atipico, var_mejor_de_pregunta, var_maximo, var_minimo, var_advertencia_sup, var_advertencia_inf, var_destino_nsnc, var_calculada, var_baseusuario, var_nombrevar_baseusuario, var_tlg, var_nombre_dr) VALUES ('same2014', 'TEM', '', 'dispositivo_enc', 'dispositivo_enc', NULL, NULL, NULL, NULL, 'numeros', NULL, NULL, NULL, NULL, NULL, NULL, NULL, NULL, NULL, NULL, NULL, NULL, NULL, NULL, NULL, '', false, NULL, 1, NULL);
INSERT INTO variables (var_ope, var_for, var_mat, var_pre, var_var, var_texto, var_aclaracion, var_conopc, var_conopc_texto, var_tipovar, var_destino, var_subordinada_var, var_subordinada_opcion, var_desp_nombre, var_expresion_habilitar, var_optativa, var_editable_por, var_orden, var_nsnc_atipico, var_mejor_de_pregunta, var_maximo, var_minimo, var_advertencia_sup, var_advertencia_inf, var_destino_nsnc, var_calculada, var_baseusuario, var_nombrevar_baseusuario, var_tlg, var_nombre_dr) VALUES ('same2014', 'TEM', '', 'dispositivo_recu', 'dispositivo_recu', NULL, NULL, NULL, NULL, 'numeros', NULL, NULL, NULL, NULL, NULL, NULL, NULL, NULL, NULL, NULL, NULL, NULL, NULL, NULL, NULL, '', false, NULL, 1, NULL);
INSERT INTO variables (var_ope, var_for, var_mat, var_pre, var_var, var_texto, var_aclaracion, var_conopc, var_conopc_texto, var_tipovar, var_destino, var_subordinada_var, var_subordinada_opcion, var_desp_nombre, var_expresion_habilitar, var_optativa, var_editable_por, var_orden, var_nsnc_atipico, var_mejor_de_pregunta, var_maximo, var_minimo, var_advertencia_sup, var_advertencia_inf, var_destino_nsnc, var_calculada, var_baseusuario, var_nombrevar_baseusuario, var_tlg, var_nombre_dr) VALUES ('same2014', 'TEM', '', 'dispositivo_supe', 'dispositivo_sup', NULL, NULL, NULL, NULL, 'numeros', NULL, NULL, NULL, NULL, NULL, NULL, NULL, NULL, NULL, NULL, NULL, NULL, NULL, NULL, NULL, '', false, NULL, 1, NULL);
INSERT INTO variables (var_ope, var_for, var_mat, var_pre, var_var, var_texto, var_aclaracion, var_conopc, var_conopc_texto, var_tipovar, var_destino, var_subordinada_var, var_subordinada_opcion, var_desp_nombre, var_expresion_habilitar, var_optativa, var_editable_por, var_orden, var_nsnc_atipico, var_mejor_de_pregunta, var_maximo, var_minimo, var_advertencia_sup, var_advertencia_inf, var_destino_nsnc, var_calculada, var_baseusuario, var_nombrevar_baseusuario, var_tlg, var_nombre_dr) VALUES ('same2014', 'TEM', '', 'en_campo', 'en_campo', NULL, NULL, NULL, NULL, 'numeros', NULL, NULL, NULL, NULL, NULL, NULL, NULL, NULL, NULL, NULL, NULL, NULL, NULL, NULL, NULL, 'case when pla_estado in (23,24,33,34,44,54) then 1 else 0 end', false, NULL, 1, NULL);
INSERT INTO variables (var_ope, var_for, var_mat, var_pre, var_var, var_texto, var_aclaracion, var_conopc, var_conopc_texto, var_tipovar, var_destino, var_subordinada_var, var_subordinada_opcion, var_desp_nombre, var_expresion_habilitar, var_optativa, var_editable_por, var_orden, var_nsnc_atipico, var_mejor_de_pregunta, var_maximo, var_minimo, var_advertencia_sup, var_advertencia_inf, var_destino_nsnc, var_calculada, var_baseusuario, var_nombrevar_baseusuario, var_tlg, var_nombre_dr) VALUES ('same2014', 'TEM', '', 'estado', 'estado', NULL, NULL, NULL, NULL, 'numeros', NULL, NULL, NULL, NULL, NULL, NULL, NULL, NULL, NULL, NULL, NULL, NULL, NULL, NULL, NULL, '', false, NULL, 1, NULL);
INSERT INTO variables (var_ope, var_for, var_mat, var_pre, var_var, var_texto, var_aclaracion, var_conopc, var_conopc_texto, var_tipovar, var_destino, var_subordinada_var, var_subordinada_opcion, var_desp_nombre, var_expresion_habilitar, var_optativa, var_editable_por, var_orden, var_nsnc_atipico, var_mejor_de_pregunta, var_maximo, var_minimo, var_advertencia_sup, var_advertencia_inf, var_destino_nsnc, var_calculada, var_baseusuario, var_nombrevar_baseusuario, var_tlg, var_nombre_dr) VALUES ('same2014', 'TEM', '', 'etapa_pro', 'etapa_pro', NULL, NULL, NULL, NULL, 'numeros', NULL, NULL, NULL, NULL, NULL, NULL, NULL, NULL, NULL, NULL, NULL, NULL, NULL, NULL, NULL, '', false, NULL, 1, NULL);
INSERT INTO variables (var_ope, var_for, var_mat, var_pre, var_var, var_texto, var_aclaracion, var_conopc, var_conopc_texto, var_tipovar, var_destino, var_subordinada_var, var_subordinada_opcion, var_desp_nombre, var_expresion_habilitar, var_optativa, var_editable_por, var_orden, var_nsnc_atipico, var_mejor_de_pregunta, var_maximo, var_minimo, var_advertencia_sup, var_advertencia_inf, var_destino_nsnc, var_calculada, var_baseusuario, var_nombrevar_baseusuario, var_tlg, var_nombre_dr) VALUES ('same2014', 'TEM', '', 'fecha_carga_enc', 'fecha_carga_enc', NULL, NULL, NULL, NULL, 'timestamp', NULL, NULL, NULL, NULL, NULL, NULL, NULL, NULL, NULL, NULL, NULL, NULL, NULL, NULL, NULL, '', false, NULL, 1, NULL);
INSERT INTO variables (var_ope, var_for, var_mat, var_pre, var_var, var_texto, var_aclaracion, var_conopc, var_conopc_texto, var_tipovar, var_destino, var_subordinada_var, var_subordinada_opcion, var_desp_nombre, var_expresion_habilitar, var_optativa, var_editable_por, var_orden, var_nsnc_atipico, var_mejor_de_pregunta, var_maximo, var_minimo, var_advertencia_sup, var_advertencia_inf, var_destino_nsnc, var_calculada, var_baseusuario, var_nombrevar_baseusuario, var_tlg, var_nombre_dr) VALUES ('same2014', 'TEM', '', 'fecha_carga_recu', 'fecha_carga_recu', NULL, NULL, NULL, NULL, 'timestamp', NULL, NULL, NULL, NULL, NULL, NULL, NULL, NULL, NULL, NULL, NULL, NULL, NULL, NULL, NULL, '', false, NULL, 1, NULL);
INSERT INTO variables (var_ope, var_for, var_mat, var_pre, var_var, var_texto, var_aclaracion, var_conopc, var_conopc_texto, var_tipovar, var_destino, var_subordinada_var, var_subordinada_opcion, var_desp_nombre, var_expresion_habilitar, var_optativa, var_editable_por, var_orden, var_nsnc_atipico, var_mejor_de_pregunta, var_maximo, var_minimo, var_advertencia_sup, var_advertencia_inf, var_destino_nsnc, var_calculada, var_baseusuario, var_nombrevar_baseusuario, var_tlg, var_nombre_dr) VALUES ('same2014', 'TEM', '', 'fecha_carga_supe', 'fecha_carga_sup', NULL, NULL, NULL, NULL, 'timestamp', NULL, NULL, NULL, NULL, NULL, NULL, NULL, NULL, NULL, NULL, NULL, NULL, NULL, NULL, NULL, '', false, NULL, 1, NULL);
INSERT INTO variables (var_ope, var_for, var_mat, var_pre, var_var, var_texto, var_aclaracion, var_conopc, var_conopc_texto, var_tipovar, var_destino, var_subordinada_var, var_subordinada_opcion, var_desp_nombre, var_expresion_habilitar, var_optativa, var_editable_por, var_orden, var_nsnc_atipico, var_mejor_de_pregunta, var_maximo, var_minimo, var_advertencia_sup, var_advertencia_inf, var_destino_nsnc, var_calculada, var_baseusuario, var_nombrevar_baseusuario, var_tlg, var_nombre_dr) VALUES ('same2014', 'TEM', '', 'fecha_comenzo_descarga', 'fecha_comenzo_descarga', NULL, NULL, NULL, NULL, 'timestamp', NULL, NULL, NULL, NULL, NULL, NULL, NULL, NULL, NULL, NULL, NULL, NULL, NULL, NULL, NULL, '', false, NULL, 1, NULL);
INSERT INTO variables (var_ope, var_for, var_mat, var_pre, var_var, var_texto, var_aclaracion, var_conopc, var_conopc_texto, var_tipovar, var_destino, var_subordinada_var, var_subordinada_opcion, var_desp_nombre, var_expresion_habilitar, var_optativa, var_editable_por, var_orden, var_nsnc_atipico, var_mejor_de_pregunta, var_maximo, var_minimo, var_advertencia_sup, var_advertencia_inf, var_destino_nsnc, var_calculada, var_baseusuario, var_nombrevar_baseusuario, var_tlg, var_nombre_dr) VALUES ('same2014', 'TEM', '', 'fecha_descarga_enc', 'fecha_descarga_enc', NULL, NULL, NULL, NULL, 'timestamp', NULL, NULL, NULL, NULL, NULL, NULL, NULL, NULL, NULL, NULL, NULL, NULL, NULL, NULL, NULL, '', false, NULL, 1, NULL);
INSERT INTO variables (var_ope, var_for, var_mat, var_pre, var_var, var_texto, var_aclaracion, var_conopc, var_conopc_texto, var_tipovar, var_destino, var_subordinada_var, var_subordinada_opcion, var_desp_nombre, var_expresion_habilitar, var_optativa, var_editable_por, var_orden, var_nsnc_atipico, var_mejor_de_pregunta, var_maximo, var_minimo, var_advertencia_sup, var_advertencia_inf, var_destino_nsnc, var_calculada, var_baseusuario, var_nombrevar_baseusuario, var_tlg, var_nombre_dr) VALUES ('same2014', 'TEM', '', 'fecha_descarga_recu', 'fecha_descarga_recu', NULL, NULL, NULL, NULL, 'timestamp', NULL, NULL, NULL, NULL, NULL, NULL, NULL, NULL, NULL, NULL, NULL, NULL, NULL, NULL, NULL, '', false, NULL, 1, NULL);
INSERT INTO variables (var_ope, var_for, var_mat, var_pre, var_var, var_texto, var_aclaracion, var_conopc, var_conopc_texto, var_tipovar, var_destino, var_subordinada_var, var_subordinada_opcion, var_desp_nombre, var_expresion_habilitar, var_optativa, var_editable_por, var_orden, var_nsnc_atipico, var_mejor_de_pregunta, var_maximo, var_minimo, var_advertencia_sup, var_advertencia_inf, var_destino_nsnc, var_calculada, var_baseusuario, var_nombrevar_baseusuario, var_tlg, var_nombre_dr) VALUES ('same2014', 'TEM', '', 'fecha_primcarga_enc', 'fecha_primcarga_enc', NULL, NULL, NULL, NULL, 'timestamp', NULL, NULL, NULL, NULL, NULL, NULL, NULL, NULL, NULL, NULL, NULL, NULL, NULL, NULL, NULL, '', false, NULL, 1, NULL);
INSERT INTO variables (var_ope, var_for, var_mat, var_pre, var_var, var_texto, var_aclaracion, var_conopc, var_conopc_texto, var_tipovar, var_destino, var_subordinada_var, var_subordinada_opcion, var_desp_nombre, var_expresion_habilitar, var_optativa, var_editable_por, var_orden, var_nsnc_atipico, var_mejor_de_pregunta, var_maximo, var_minimo, var_advertencia_sup, var_advertencia_inf, var_destino_nsnc, var_calculada, var_baseusuario, var_nombrevar_baseusuario, var_tlg, var_nombre_dr) VALUES ('same2014', 'TEM', '', 'fecha_primcarga_recu', 'fecha_primcarga_recu', NULL, NULL, NULL, NULL, 'timestamp', NULL, NULL, NULL, NULL, NULL, NULL, NULL, NULL, NULL, NULL, NULL, NULL, NULL, NULL, NULL, '', false, NULL, 1, NULL);
INSERT INTO variables (var_ope, var_for, var_mat, var_pre, var_var, var_texto, var_aclaracion, var_conopc, var_conopc_texto, var_tipovar, var_destino, var_subordinada_var, var_subordinada_opcion, var_desp_nombre, var_expresion_habilitar, var_optativa, var_editable_por, var_orden, var_nsnc_atipico, var_mejor_de_pregunta, var_maximo, var_minimo, var_advertencia_sup, var_advertencia_inf, var_destino_nsnc, var_calculada, var_baseusuario, var_nombrevar_baseusuario, var_tlg, var_nombre_dr) VALUES ('same2014', 'TEM', '', 'fecha_primcarga_supe', 'fecha_primcarga_sup', NULL, NULL, NULL, NULL, 'timestamp', NULL, NULL, NULL, NULL, NULL, NULL, NULL, NULL, NULL, NULL, NULL, NULL, NULL, NULL, NULL, NULL, false, NULL, 1, NULL);
INSERT INTO variables (var_ope, var_for, var_mat, var_pre, var_var, var_texto, var_aclaracion, var_conopc, var_conopc_texto, var_tipovar, var_destino, var_subordinada_var, var_subordinada_opcion, var_desp_nombre, var_expresion_habilitar, var_optativa, var_editable_por, var_orden, var_nsnc_atipico, var_mejor_de_pregunta, var_maximo, var_minimo, var_advertencia_sup, var_advertencia_inf, var_destino_nsnc, var_calculada, var_baseusuario, var_nombrevar_baseusuario, var_tlg, var_nombre_dr) VALUES ('same2014', 'TEM', '', 'fin_anacon', 'fin_anacon', NULL, NULL, NULL, NULL, 'numeros', NULL, NULL, NULL, NULL, NULL, NULL, NULL, NULL, NULL, NULL, NULL, NULL, NULL, NULL, NULL, '', false, NULL, 1, NULL);
INSERT INTO variables (var_ope, var_for, var_mat, var_pre, var_var, var_texto, var_aclaracion, var_conopc, var_conopc_texto, var_tipovar, var_destino, var_subordinada_var, var_subordinada_opcion, var_desp_nombre, var_expresion_habilitar, var_optativa, var_editable_por, var_orden, var_nsnc_atipico, var_mejor_de_pregunta, var_maximo, var_minimo, var_advertencia_sup, var_advertencia_inf, var_destino_nsnc, var_calculada, var_baseusuario, var_nombrevar_baseusuario, var_tlg, var_nombre_dr) VALUES ('same2014', 'TEM', '', 'fin_de_campo', 'fin_de_campo', NULL, NULL, NULL, NULL, 'numeros', NULL, NULL, NULL, NULL, NULL, NULL, NULL, NULL, NULL, NULL, NULL, NULL, NULL, NULL, NULL, '', false, NULL, 1, NULL);
INSERT INTO variables (var_ope, var_for, var_mat, var_pre, var_var, var_texto, var_aclaracion, var_conopc, var_conopc_texto, var_tipovar, var_destino, var_subordinada_var, var_subordinada_opcion, var_desp_nombre, var_expresion_habilitar, var_optativa, var_editable_por, var_orden, var_nsnc_atipico, var_mejor_de_pregunta, var_maximo, var_minimo, var_advertencia_sup, var_advertencia_inf, var_destino_nsnc, var_calculada, var_baseusuario, var_nombrevar_baseusuario, var_tlg, var_nombre_dr) VALUES ('same2014', 'TEM', '', 'fin_ingreso_enc', 'fin_ingreso_enc', NULL, NULL, NULL, NULL, 'numeros', NULL, NULL, NULL, NULL, NULL, NULL, NULL, NULL, NULL, NULL, NULL, NULL, NULL, NULL, NULL, '', false, NULL, 1, NULL);
INSERT INTO variables (var_ope, var_for, var_mat, var_pre, var_var, var_texto, var_aclaracion, var_conopc, var_conopc_texto, var_tipovar, var_destino, var_subordinada_var, var_subordinada_opcion, var_desp_nombre, var_expresion_habilitar, var_optativa, var_editable_por, var_orden, var_nsnc_atipico, var_mejor_de_pregunta, var_maximo, var_minimo, var_advertencia_sup, var_advertencia_inf, var_destino_nsnc, var_calculada, var_baseusuario, var_nombrevar_baseusuario, var_tlg, var_nombre_dr) VALUES ('same2014', 'TEM', '', 'fin_ingreso_recu', 'fin_ingreso_recu', NULL, NULL, NULL, NULL, 'numeros', NULL, NULL, NULL, NULL, NULL, NULL, NULL, NULL, NULL, NULL, NULL, NULL, NULL, NULL, NULL, '', false, NULL, 1, NULL);
INSERT INTO variables (var_ope, var_for, var_mat, var_pre, var_var, var_texto, var_aclaracion, var_conopc, var_conopc_texto, var_tipovar, var_destino, var_subordinada_var, var_subordinada_opcion, var_desp_nombre, var_expresion_habilitar, var_optativa, var_editable_por, var_orden, var_nsnc_atipico, var_mejor_de_pregunta, var_maximo, var_minimo, var_advertencia_sup, var_advertencia_inf, var_destino_nsnc, var_calculada, var_baseusuario, var_nombrevar_baseusuario, var_tlg, var_nombre_dr) VALUES ('same2014', 'TEM', '', 'hog_pre', 'hog_pre', NULL, NULL, NULL, NULL, 'numeros', NULL, NULL, NULL, NULL, NULL, NULL, NULL, NULL, NULL, NULL, NULL, NULL, NULL, NULL, NULL, '', false, NULL, 1, NULL);
INSERT INTO variables (var_ope, var_for, var_mat, var_pre, var_var, var_texto, var_aclaracion, var_conopc, var_conopc_texto, var_tipovar, var_destino, var_subordinada_var, var_subordinada_opcion, var_desp_nombre, var_expresion_habilitar, var_optativa, var_editable_por, var_orden, var_nsnc_atipico, var_mejor_de_pregunta, var_maximo, var_minimo, var_advertencia_sup, var_advertencia_inf, var_destino_nsnc, var_calculada, var_baseusuario, var_nombrevar_baseusuario, var_tlg, var_nombre_dr) VALUES ('same2014', 'TEM', '', 'hog_tot', 'hog_tot', NULL, NULL, NULL, NULL, 'numeros', NULL, NULL, NULL, NULL, NULL, NULL, NULL, NULL, NULL, NULL, NULL, NULL, NULL, NULL, NULL, '', false, NULL, 1, NULL);
INSERT INTO variables (var_ope, var_for, var_mat, var_pre, var_var, var_texto, var_aclaracion, var_conopc, var_conopc_texto, var_tipovar, var_destino, var_subordinada_var, var_subordinada_opcion, var_desp_nombre, var_expresion_habilitar, var_optativa, var_editable_por, var_orden, var_nsnc_atipico, var_mejor_de_pregunta, var_maximo, var_minimo, var_advertencia_sup, var_advertencia_inf, var_destino_nsnc, var_calculada, var_baseusuario, var_nombrevar_baseusuario, var_tlg, var_nombre_dr) VALUES ('same2014', 'TEM', '', 'inq_ocu_flia', 'inq_ocu_flia', NULL, NULL, NULL, NULL, 'texto', NULL, NULL, NULL, NULL, NULL, NULL, NULL, NULL, NULL, NULL, NULL, NULL, NULL, NULL, NULL, NULL, false, NULL, 1, NULL);
INSERT INTO variables (var_ope, var_for, var_mat, var_pre, var_var, var_texto, var_aclaracion, var_conopc, var_conopc_texto, var_tipovar, var_destino, var_subordinada_var, var_subordinada_opcion, var_desp_nombre, var_expresion_habilitar, var_optativa, var_editable_por, var_orden, var_nsnc_atipico, var_mejor_de_pregunta, var_maximo, var_minimo, var_advertencia_sup, var_advertencia_inf, var_destino_nsnc, var_calculada, var_baseusuario, var_nombrevar_baseusuario, var_tlg, var_nombre_dr) VALUES ('same2014', 'TEM', '', 'inq_tot_hab', 'inq_tot_hab', NULL, NULL, NULL, NULL, 'texto', NULL, NULL, NULL, NULL, NULL, NULL, NULL, NULL, NULL, NULL, NULL, NULL, NULL, NULL, NULL, NULL, false, NULL, 1, NULL);
INSERT INTO variables (var_ope, var_for, var_mat, var_pre, var_var, var_texto, var_aclaracion, var_conopc, var_conopc_texto, var_tipovar, var_destino, var_subordinada_var, var_subordinada_opcion, var_desp_nombre, var_expresion_habilitar, var_optativa, var_editable_por, var_orden, var_nsnc_atipico, var_mejor_de_pregunta, var_maximo, var_minimo, var_advertencia_sup, var_advertencia_inf, var_destino_nsnc, var_calculada, var_baseusuario, var_nombrevar_baseusuario, var_tlg, var_nombre_dr) VALUES ('same2014', 'TEM', '', 'manzana', 'manzana', NULL, NULL, NULL, NULL, 'texto', NULL, NULL, NULL, NULL, NULL, NULL, NULL, NULL, NULL, NULL, NULL, NULL, NULL, NULL, NULL, NULL, false, NULL, 1, NULL);
INSERT INTO variables (var_ope, var_for, var_mat, var_pre, var_var, var_texto, var_aclaracion, var_conopc, var_conopc_texto, var_tipovar, var_destino, var_subordinada_var, var_subordinada_opcion, var_desp_nombre, var_expresion_habilitar, var_optativa, var_editable_por, var_orden, var_nsnc_atipico, var_mejor_de_pregunta, var_maximo, var_minimo, var_advertencia_sup, var_advertencia_inf, var_destino_nsnc, var_calculada, var_baseusuario, var_nombrevar_baseusuario, var_tlg, var_nombre_dr) VALUES ('same2014', 'TEM', '', 'norea', 'norea', NULL, NULL, NULL, NULL, 'numeros', NULL, NULL, NULL, NULL, NULL, NULL, NULL, NULL, NULL, NULL, NULL, NULL, NULL, NULL, NULL, '', false, NULL, 1, NULL);
INSERT INTO variables (var_ope, var_for, var_mat, var_pre, var_var, var_texto, var_aclaracion, var_conopc, var_conopc_texto, var_tipovar, var_destino, var_subordinada_var, var_subordinada_opcion, var_desp_nombre, var_expresion_habilitar, var_optativa, var_editable_por, var_orden, var_nsnc_atipico, var_mejor_de_pregunta, var_maximo, var_minimo, var_advertencia_sup, var_advertencia_inf, var_destino_nsnc, var_calculada, var_baseusuario, var_nombrevar_baseusuario, var_tlg, var_nombre_dr) VALUES ('same2014', 'TEM', '', 'norea_enc', 'norea_enc', NULL, NULL, NULL, NULL, 'numeros', NULL, NULL, NULL, NULL, NULL, NULL, NULL, NULL, NULL, NULL, NULL, NULL, NULL, NULL, NULL, '', false, NULL, 1, NULL);
INSERT INTO variables (var_ope, var_for, var_mat, var_pre, var_var, var_texto, var_aclaracion, var_conopc, var_conopc_texto, var_tipovar, var_destino, var_subordinada_var, var_subordinada_opcion, var_desp_nombre, var_expresion_habilitar, var_optativa, var_editable_por, var_orden, var_nsnc_atipico, var_mejor_de_pregunta, var_maximo, var_minimo, var_advertencia_sup, var_advertencia_inf, var_destino_nsnc, var_calculada, var_baseusuario, var_nombrevar_baseusuario, var_tlg, var_nombre_dr) VALUES ('same2014', 'TEM', '', 'norea_recu', 'norea_recu', NULL, NULL, NULL, NULL, 'numeros', NULL, NULL, NULL, NULL, NULL, NULL, NULL, NULL, NULL, NULL, NULL, NULL, NULL, NULL, NULL, '', false, NULL, 1, NULL);
INSERT INTO variables (var_ope, var_for, var_mat, var_pre, var_var, var_texto, var_aclaracion, var_conopc, var_conopc_texto, var_tipovar, var_destino, var_subordinada_var, var_subordinada_opcion, var_desp_nombre, var_expresion_habilitar, var_optativa, var_editable_por, var_orden, var_nsnc_atipico, var_mejor_de_pregunta, var_maximo, var_minimo, var_advertencia_sup, var_advertencia_inf, var_destino_nsnc, var_calculada, var_baseusuario, var_nombrevar_baseusuario, var_tlg, var_nombre_dr) VALUES ('same2014', 'TEM', '', 'norea_sup', 'norea_sup', NULL, NULL, NULL, NULL, 'numeros', NULL, NULL, NULL, NULL, NULL, NULL, NULL, NULL, NULL, NULL, NULL, NULL, NULL, NULL, NULL, '', false, NULL, 1, NULL);
INSERT INTO variables (var_ope, var_for, var_mat, var_pre, var_var, var_texto, var_aclaracion, var_conopc, var_conopc_texto, var_tipovar, var_destino, var_subordinada_var, var_subordinada_opcion, var_desp_nombre, var_expresion_habilitar, var_optativa, var_editable_por, var_orden, var_nsnc_atipico, var_mejor_de_pregunta, var_maximo, var_minimo, var_advertencia_sup, var_advertencia_inf, var_destino_nsnc, var_calculada, var_baseusuario, var_nombrevar_baseusuario, var_tlg, var_nombre_dr) VALUES ('same2014', 'TEM', '', 'per', 'per', NULL, NULL, NULL, NULL, 'numeros', NULL, NULL, NULL, NULL, NULL, NULL, NULL, NULL, NULL, NULL, NULL, NULL, NULL, NULL, NULL, 'case when pla_estado<=29 then pla_cod_enc when pla_estado<=39 then pla_cod_recu when pla_estado<49 then pla_cod_supe when pla_estado<59 then pla_cod_supr else null end', false, NULL, 1, NULL);
INSERT INTO variables (var_ope, var_for, var_mat, var_pre, var_var, var_texto, var_aclaracion, var_conopc, var_conopc_texto, var_tipovar, var_destino, var_subordinada_var, var_subordinada_opcion, var_desp_nombre, var_expresion_habilitar, var_optativa, var_editable_por, var_orden, var_nsnc_atipico, var_mejor_de_pregunta, var_maximo, var_minimo, var_advertencia_sup, var_advertencia_inf, var_destino_nsnc, var_calculada, var_baseusuario, var_nombrevar_baseusuario, var_tlg, var_nombre_dr) VALUES ('same2014', 'TEM', '', 'pob_pre', 'pob_pre', NULL, NULL, NULL, NULL, 'numeros', NULL, NULL, NULL, NULL, NULL, NULL, NULL, NULL, NULL, NULL, NULL, NULL, NULL, NULL, NULL, '', false, NULL, 1, NULL);
INSERT INTO variables (var_ope, var_for, var_mat, var_pre, var_var, var_texto, var_aclaracion, var_conopc, var_conopc_texto, var_tipovar, var_destino, var_subordinada_var, var_subordinada_opcion, var_desp_nombre, var_expresion_habilitar, var_optativa, var_editable_por, var_orden, var_nsnc_atipico, var_mejor_de_pregunta, var_maximo, var_minimo, var_advertencia_sup, var_advertencia_inf, var_destino_nsnc, var_calculada, var_baseusuario, var_nombrevar_baseusuario, var_tlg, var_nombre_dr) VALUES ('same2014', 'TEM', '', 'pob_tot', 'pob_tot', NULL, NULL, NULL, NULL, 'numeros', NULL, NULL, NULL, NULL, NULL, NULL, NULL, NULL, NULL, NULL, NULL, NULL, NULL, NULL, NULL, '', false, NULL, 1, NULL);
INSERT INTO variables (var_ope, var_for, var_mat, var_pre, var_var, var_texto, var_aclaracion, var_conopc, var_conopc_texto, var_tipovar, var_destino, var_subordinada_var, var_subordinada_opcion, var_desp_nombre, var_expresion_habilitar, var_optativa, var_editable_por, var_orden, var_nsnc_atipico, var_mejor_de_pregunta, var_maximo, var_minimo, var_advertencia_sup, var_advertencia_inf, var_destino_nsnc, var_calculada, var_baseusuario, var_nombrevar_baseusuario, var_tlg, var_nombre_dr) VALUES ('same2014', 'TEM', '', 'rea', 'rea', NULL, NULL, NULL, NULL, 'numeros', NULL, NULL, NULL, NULL, NULL, NULL, NULL, NULL, NULL, NULL, NULL, NULL, NULL, NULL, NULL, '', false, NULL, 1, NULL);
INSERT INTO variables (var_ope, var_for, var_mat, var_pre, var_var, var_texto, var_aclaracion, var_conopc, var_conopc_texto, var_tipovar, var_destino, var_subordinada_var, var_subordinada_opcion, var_desp_nombre, var_expresion_habilitar, var_optativa, var_editable_por, var_orden, var_nsnc_atipico, var_mejor_de_pregunta, var_maximo, var_minimo, var_advertencia_sup, var_advertencia_inf, var_destino_nsnc, var_calculada, var_baseusuario, var_nombrevar_baseusuario, var_tlg, var_nombre_dr) VALUES ('same2014', 'TEM', '', 'rea_enc', 'rea_enc', NULL, NULL, NULL, NULL, 'numeros', NULL, NULL, NULL, NULL, NULL, NULL, NULL, NULL, NULL, NULL, NULL, NULL, NULL, NULL, NULL, '', false, NULL, 1, NULL);
INSERT INTO variables (var_ope, var_for, var_mat, var_pre, var_var, var_texto, var_aclaracion, var_conopc, var_conopc_texto, var_tipovar, var_destino, var_subordinada_var, var_subordinada_opcion, var_desp_nombre, var_expresion_habilitar, var_optativa, var_editable_por, var_orden, var_nsnc_atipico, var_mejor_de_pregunta, var_maximo, var_minimo, var_advertencia_sup, var_advertencia_inf, var_destino_nsnc, var_calculada, var_baseusuario, var_nombrevar_baseusuario, var_tlg, var_nombre_dr) VALUES ('same2014', 'TEM', '', 'rea_recu', 'rea_recu', NULL, NULL, NULL, NULL, 'numeros', NULL, NULL, NULL, NULL, NULL, NULL, NULL, NULL, NULL, NULL, NULL, NULL, NULL, NULL, NULL, '', false, NULL, 1, NULL);
INSERT INTO variables (var_ope, var_for, var_mat, var_pre, var_var, var_texto, var_aclaracion, var_conopc, var_conopc_texto, var_tipovar, var_destino, var_subordinada_var, var_subordinada_opcion, var_desp_nombre, var_expresion_habilitar, var_optativa, var_editable_por, var_orden, var_nsnc_atipico, var_mejor_de_pregunta, var_maximo, var_minimo, var_advertencia_sup, var_advertencia_inf, var_destino_nsnc, var_calculada, var_baseusuario, var_nombrevar_baseusuario, var_tlg, var_nombre_dr) VALUES ('same2014', 'TEM', '', 'recepcionista', 'recepcionista', NULL, NULL, NULL, NULL, 'numeros', NULL, NULL, NULL, NULL, NULL, NULL, NULL, NULL, NULL, NULL, NULL, NULL, NULL, NULL, NULL, '', false, NULL, 1, NULL);
INSERT INTO variables (var_ope, var_for, var_mat, var_pre, var_var, var_texto, var_aclaracion, var_conopc, var_conopc_texto, var_tipovar, var_destino, var_subordinada_var, var_subordinada_opcion, var_desp_nombre, var_expresion_habilitar, var_optativa, var_editable_por, var_orden, var_nsnc_atipico, var_mejor_de_pregunta, var_maximo, var_minimo, var_advertencia_sup, var_advertencia_inf, var_destino_nsnc, var_calculada, var_baseusuario, var_nombrevar_baseusuario, var_tlg, var_nombre_dr) VALUES ('same2014', 'TEM', '', 'resol_campo', 'resol_campo', NULL, NULL, NULL, NULL, 'texto', NULL, NULL, NULL, NULL, NULL, NULL, NULL, NULL, NULL, NULL, NULL, NULL, NULL, NULL, NULL, '', false, NULL, 1, NULL);
INSERT INTO variables (var_ope, var_for, var_mat, var_pre, var_var, var_texto, var_aclaracion, var_conopc, var_conopc_texto, var_tipovar, var_destino, var_subordinada_var, var_subordinada_opcion, var_desp_nombre, var_expresion_habilitar, var_optativa, var_editable_por, var_orden, var_nsnc_atipico, var_mejor_de_pregunta, var_maximo, var_minimo, var_advertencia_sup, var_advertencia_inf, var_destino_nsnc, var_calculada, var_baseusuario, var_nombrevar_baseusuario, var_tlg, var_nombre_dr) VALUES ('same2014', 'TEM', '', 'result_supe', 'result_sup', NULL, NULL, NULL, NULL, 'numeros', NULL, NULL, NULL, NULL, NULL, NULL, NULL, NULL, NULL, NULL, NULL, NULL, NULL, NULL, NULL, '', false, NULL, 1, NULL);
INSERT INTO variables (var_ope, var_for, var_mat, var_pre, var_var, var_texto, var_aclaracion, var_conopc, var_conopc_texto, var_tipovar, var_destino, var_subordinada_var, var_subordinada_opcion, var_desp_nombre, var_expresion_habilitar, var_optativa, var_editable_por, var_orden, var_nsnc_atipico, var_mejor_de_pregunta, var_maximo, var_minimo, var_advertencia_sup, var_advertencia_inf, var_destino_nsnc, var_calculada, var_baseusuario, var_nombrevar_baseusuario, var_tlg, var_nombre_dr) VALUES ('same2014', 'TEM', '', 'rol', 'rol', NULL, NULL, NULL, NULL, 'texto', NULL, NULL, NULL, NULL, NULL, NULL, NULL, NULL, NULL, NULL, NULL, NULL, NULL, NULL, NULL, 'case when pla_estado<=29 then ''encuestador'' when pla_estado<=39 then ''recuperador'' when pla_estado<59 then ''supervisor'' else null end', false, NULL, 1, NULL);
INSERT INTO variables (var_ope, var_for, var_mat, var_pre, var_var, var_texto, var_aclaracion, var_conopc, var_conopc_texto, var_tipovar, var_destino, var_subordinada_var, var_subordinada_opcion, var_desp_nombre, var_expresion_habilitar, var_optativa, var_editable_por, var_orden, var_nsnc_atipico, var_mejor_de_pregunta, var_maximo, var_minimo, var_advertencia_sup, var_advertencia_inf, var_destino_nsnc, var_calculada, var_baseusuario, var_nombrevar_baseusuario, var_tlg, var_nombre_dr) VALUES ('same2014', 'TEM', '', 'sup_aleat_enc', 'sup_aleat', NULL, NULL, NULL, NULL, 'numeros', NULL, NULL, NULL, NULL, NULL, NULL, NULL, NULL, NULL, NULL, NULL, NULL, NULL, NULL, NULL, '', false, NULL, 1, NULL);
INSERT INTO variables (var_ope, var_for, var_mat, var_pre, var_var, var_texto, var_aclaracion, var_conopc, var_conopc_texto, var_tipovar, var_destino, var_subordinada_var, var_subordinada_opcion, var_desp_nombre, var_expresion_habilitar, var_optativa, var_editable_por, var_orden, var_nsnc_atipico, var_mejor_de_pregunta, var_maximo, var_minimo, var_advertencia_sup, var_advertencia_inf, var_destino_nsnc, var_calculada, var_baseusuario, var_nombrevar_baseusuario, var_tlg, var_nombre_dr) VALUES ('same2014', 'TEM', '', 'sup_dirigida_enc', 'sup_dirigida', NULL, NULL, NULL, NULL, 'numeros', NULL, NULL, NULL, NULL, NULL, NULL, NULL, NULL, NULL, NULL, NULL, NULL, NULL, NULL, NULL, '', false, NULL, 1, NULL);
INSERT INTO variables (var_ope, var_for, var_mat, var_pre, var_var, var_texto, var_aclaracion, var_conopc, var_conopc_texto, var_tipovar, var_destino, var_subordinada_var, var_subordinada_opcion, var_desp_nombre, var_expresion_habilitar, var_optativa, var_editable_por, var_orden, var_nsnc_atipico, var_mejor_de_pregunta, var_maximo, var_minimo, var_advertencia_sup, var_advertencia_inf, var_destino_nsnc, var_calculada, var_baseusuario, var_nombrevar_baseusuario, var_tlg, var_nombre_dr) VALUES ('same2014', 'TEM', '', 'verificado_ac', 'verificado_ac', NULL, NULL, NULL, NULL, 'numeros', NULL, NULL, NULL, NULL, NULL, NULL, NULL, NULL, NULL, NULL, NULL, NULL, NULL, NULL, NULL, '', false, NULL, 1, NULL);
INSERT INTO variables (var_ope, var_for, var_mat, var_pre, var_var, var_texto, var_aclaracion, var_conopc, var_conopc_texto, var_tipovar, var_destino, var_subordinada_var, var_subordinada_opcion, var_desp_nombre, var_expresion_habilitar, var_optativa, var_editable_por, var_orden, var_nsnc_atipico, var_mejor_de_pregunta, var_maximo, var_minimo, var_advertencia_sup, var_advertencia_inf, var_destino_nsnc, var_calculada, var_baseusuario, var_nombrevar_baseusuario, var_tlg, var_nombre_dr) VALUES ('same2014', 'TEM', '', 'verificado_enc', 'verificado_enc', NULL, NULL, NULL, NULL, 'numeros', NULL, NULL, NULL, NULL, NULL, NULL, NULL, NULL, NULL, NULL, NULL, NULL, NULL, NULL, NULL, '', false, NULL, 1, NULL);
INSERT INTO variables (var_ope, var_for, var_mat, var_pre, var_var, var_texto, var_aclaracion, var_conopc, var_conopc_texto, var_tipovar, var_destino, var_subordinada_var, var_subordinada_opcion, var_desp_nombre, var_expresion_habilitar, var_optativa, var_editable_por, var_orden, var_nsnc_atipico, var_mejor_de_pregunta, var_maximo, var_minimo, var_advertencia_sup, var_advertencia_inf, var_destino_nsnc, var_calculada, var_baseusuario, var_nombrevar_baseusuario, var_tlg, var_nombre_dr) VALUES ('same2014', 'TEM', '', 'verificado_recu', 'verificado_recu', NULL, NULL, NULL, NULL, 'numeros', NULL, NULL, NULL, NULL, NULL, NULL, NULL, NULL, NULL, NULL, NULL, NULL, NULL, NULL, NULL, '', false, NULL, 1, NULL);
INSERT INTO variables (var_ope, var_for, var_mat, var_pre, var_var, var_texto, var_aclaracion, var_conopc, var_conopc_texto, var_tipovar, var_destino, var_subordinada_var, var_subordinada_opcion, var_desp_nombre, var_expresion_habilitar, var_optativa, var_editable_por, var_orden, var_nsnc_atipico, var_mejor_de_pregunta, var_maximo, var_minimo, var_advertencia_sup, var_advertencia_inf, var_destino_nsnc, var_calculada, var_baseusuario, var_nombrevar_baseusuario, var_tlg, var_nombre_dr) VALUES ('same2014', 'TEM', '', 'verificado_supe', 'verificado_sup', NULL, NULL, NULL, NULL, 'numeros', NULL, NULL, NULL, NULL, NULL, NULL, NULL, NULL, NULL, NULL, NULL, NULL, NULL, NULL, NULL, '', false, NULL, 1, NULL);
INSERT INTO variables (var_ope, var_for, var_mat, var_pre, var_var, var_texto, var_aclaracion, var_conopc, var_conopc_texto, var_tipovar, var_destino, var_subordinada_var, var_subordinada_opcion, var_desp_nombre, var_expresion_habilitar, var_optativa, var_editable_por, var_orden, var_nsnc_atipico, var_mejor_de_pregunta, var_maximo, var_minimo, var_advertencia_sup, var_advertencia_inf, var_destino_nsnc, var_calculada, var_baseusuario, var_nombrevar_baseusuario, var_tlg, var_nombre_dr) VALUES ('same2014', 'TEM', '', 'volver_a_cargar_enc', 'volver_a_cargar_enc', NULL, NULL, NULL, NULL, 'numeros', NULL, NULL, NULL, NULL, NULL, NULL, NULL, NULL, NULL, NULL, NULL, NULL, NULL, NULL, NULL, '', false, NULL, 1, NULL);
INSERT INTO variables (var_ope, var_for, var_mat, var_pre, var_var, var_texto, var_aclaracion, var_conopc, var_conopc_texto, var_tipovar, var_destino, var_subordinada_var, var_subordinada_opcion, var_desp_nombre, var_expresion_habilitar, var_optativa, var_editable_por, var_orden, var_nsnc_atipico, var_mejor_de_pregunta, var_maximo, var_minimo, var_advertencia_sup, var_advertencia_inf, var_destino_nsnc, var_calculada, var_baseusuario, var_nombrevar_baseusuario, var_tlg, var_nombre_dr) VALUES ('same2014', 'TEM', '', 'volver_a_cargar_recu', 'volver_a_cargar_recu', NULL, NULL, NULL, NULL, 'numeros', NULL, NULL, NULL, NULL, NULL, NULL, NULL, NULL, NULL, NULL, NULL, NULL, NULL, NULL, NULL, '', false, NULL, 1, NULL);

INSERT INTO est_rol (estrol_rol, estrol_ope, estrol_est, estrol_tlg) VALUES ('subcoor_campo', 'same2014', 19, 1);
INSERT INTO est_rol (estrol_rol, estrol_ope, estrol_est, estrol_tlg) VALUES ('recepcionista', 'same2014', 20, 1);
INSERT INTO est_rol (estrol_rol, estrol_ope, estrol_est, estrol_tlg) VALUES ('recepcionista', 'same2014', 22, 1);
INSERT INTO est_rol (estrol_rol, estrol_ope, estrol_est, estrol_tlg) VALUES ('recepcionista', 'same2014', 23, 1);
INSERT INTO est_rol (estrol_rol, estrol_ope, estrol_est, estrol_tlg) VALUES ('recepcionista', 'same2014', 24, 1);
INSERT INTO est_rol (estrol_rol, estrol_ope, estrol_est, estrol_tlg) VALUES ('recepcionista', 'same2014', 25, 1);
INSERT INTO est_rol (estrol_rol, estrol_ope, estrol_est, estrol_tlg) VALUES ('recepcionista', 'same2014', 27, 1);
INSERT INTO est_rol (estrol_rol, estrol_ope, estrol_est, estrol_tlg) VALUES ('ingresador', 'same2014', 26, 1);
INSERT INTO est_rol (estrol_rol, estrol_ope, estrol_est, estrol_tlg) VALUES ('recepcionista', 'same2014', 30, 1);
INSERT INTO est_rol (estrol_rol, estrol_ope, estrol_est, estrol_tlg) VALUES ('recepcionista', 'same2014', 32, 1);
INSERT INTO est_rol (estrol_rol, estrol_ope, estrol_est, estrol_tlg) VALUES ('recepcionista', 'same2014', 33, 1);
INSERT INTO est_rol (estrol_rol, estrol_ope, estrol_est, estrol_tlg) VALUES ('recepcionista', 'same2014', 34, 1);
INSERT INTO est_rol (estrol_rol, estrol_ope, estrol_est, estrol_tlg) VALUES ('recepcionista', 'same2014', 35, 1);
INSERT INTO est_rol (estrol_rol, estrol_ope, estrol_est, estrol_tlg) VALUES ('recepcionista', 'same2014', 37, 1);
INSERT INTO est_rol (estrol_rol, estrol_ope, estrol_est, estrol_tlg) VALUES ('ingresador', 'same2014', 36, 1);
INSERT INTO est_rol (estrol_rol, estrol_ope, estrol_est, estrol_tlg) VALUES ('subcoor_campo', 'same2014', 40, 1);
INSERT INTO est_rol (estrol_rol, estrol_ope, estrol_est, estrol_tlg) VALUES ('subcoor_campo', 'same2014', 41, 1);
INSERT INTO est_rol (estrol_rol, estrol_ope, estrol_est, estrol_tlg) VALUES ('subcoor_campo', 'same2014', 42, 1);
INSERT INTO est_rol (estrol_rol, estrol_ope, estrol_est, estrol_tlg) VALUES ('recepcionista', 'same2014', 43, 1);
INSERT INTO est_rol (estrol_rol, estrol_ope, estrol_est, estrol_tlg) VALUES ('subcoor_campo', 'same2014', 44, 1);
INSERT INTO est_rol (estrol_rol, estrol_ope, estrol_est, estrol_tlg) VALUES ('subcoor_campo', 'same2014', 46, 1);
INSERT INTO est_rol (estrol_rol, estrol_ope, estrol_est, estrol_tlg) VALUES ('subcoor_campo', 'same2014', 47, 1);
INSERT INTO est_rol (estrol_rol, estrol_ope, estrol_est, estrol_tlg) VALUES ('subcoor_campo', 'same2014', 50, 1);
INSERT INTO est_rol (estrol_rol, estrol_ope, estrol_est, estrol_tlg) VALUES ('subcoor_campo', 'same2014', 51, 1);
INSERT INTO est_rol (estrol_rol, estrol_ope, estrol_est, estrol_tlg) VALUES ('subcoor_campo', 'same2014', 52, 1);
INSERT INTO est_rol (estrol_rol, estrol_ope, estrol_est, estrol_tlg) VALUES ('recepcionista', 'same2014', 53, 1);
INSERT INTO est_rol (estrol_rol, estrol_ope, estrol_est, estrol_tlg) VALUES ('subcoor_campo', 'same2014', 54, 1);
INSERT INTO est_rol (estrol_rol, estrol_ope, estrol_est, estrol_tlg) VALUES ('subcoor_campo', 'same2014', 56, 1);
INSERT INTO est_rol (estrol_rol, estrol_ope, estrol_est, estrol_tlg) VALUES ('subcoor_campo', 'same2014', 57, 1);
INSERT INTO est_rol (estrol_rol, estrol_ope, estrol_est, estrol_tlg) VALUES ('procesamiento', 'same2014', 70, 1);
INSERT INTO est_rol (estrol_rol, estrol_ope, estrol_est, estrol_tlg) VALUES ('procesamiento', 'same2014', 72, 1);
INSERT INTO est_rol (estrol_rol, estrol_ope, estrol_est, estrol_tlg) VALUES ('procesamiento', 'same2014', 90, 1);
INSERT INTO est_rol (estrol_rol, estrol_ope, estrol_est, estrol_tlg) VALUES ('subcoor_campo', 'same2014', 45, 1);
INSERT INTO est_rol (estrol_rol, estrol_ope, estrol_est, estrol_tlg) VALUES ('subcoor_campo', 'same2014', 55, 1);
INSERT INTO est_rol (estrol_rol, estrol_ope, estrol_est, estrol_tlg) VALUES ('procesamiento', 'same2014', 75, 1);
INSERT INTO est_rol (estrol_rol, estrol_ope, estrol_est, estrol_tlg) VALUES ('subcoor_campo', 'same2014', 78, 1);

INSERT INTO est_var (estvar_ope, estvar_var, estvar_est, estvar_editable, estvar_tlg) VALUES ('same2014', 'asignable', 19, true, 1);
INSERT INTO est_var (estvar_ope, estvar_var, estvar_est, estvar_editable, estvar_tlg) VALUES ('same2014', 'cod_enc', 20, true, 1);
INSERT INTO est_var (estvar_ope, estvar_var, estvar_est, estvar_editable, estvar_tlg) VALUES ('same2014', 'dispositivo_enc', 20, true, 1);
INSERT INTO est_var (estvar_ope, estvar_var, estvar_est, estvar_editable, estvar_tlg) VALUES ('same2014', 'recepcionista', 20, true, 1);
INSERT INTO est_var (estvar_ope, estvar_var, estvar_est, estvar_editable, estvar_tlg) VALUES ('same2014', 'fecha_carga_enc', 22, true, 1);
INSERT INTO est_var (estvar_ope, estvar_var, estvar_est, estvar_editable, estvar_tlg) VALUES ('same2014', 'fecha_primcarga_enc', 22, true, 1);
INSERT INTO est_var (estvar_ope, estvar_var, estvar_est, estvar_editable, estvar_tlg) VALUES ('same2014', 'fecha_descarga_enc', 23, true, 1);
INSERT INTO est_var (estvar_ope, estvar_var, estvar_est, estvar_editable, estvar_tlg) VALUES ('same2014', 'a_ingreso_enc', 24, true, 1);
INSERT INTO est_var (estvar_ope, estvar_var, estvar_est, estvar_editable, estvar_tlg) VALUES ('same2014', 'a_ingreso_enc', 25, true, 1);
INSERT INTO est_var (estvar_ope, estvar_var, estvar_est, estvar_editable, estvar_tlg) VALUES ('same2014', 'volver_a_cargar_enc', 25, true, 1);
INSERT INTO est_var (estvar_ope, estvar_var, estvar_est, estvar_editable, estvar_tlg) VALUES ('same2014', 'volver_a_cargar_enc', 27, true, 1);
INSERT INTO est_var (estvar_ope, estvar_var, estvar_est, estvar_editable, estvar_tlg) VALUES ('same2014', 'fin_ingreso_enc', 26, true, 1);
INSERT INTO est_var (estvar_ope, estvar_var, estvar_est, estvar_editable, estvar_tlg) VALUES ('same2014', 'verificado_enc', 27, true, 1);
INSERT INTO est_var (estvar_ope, estvar_var, estvar_est, estvar_editable, estvar_tlg) VALUES ('same2014', 'cod_recu', 30, true, 1);
INSERT INTO est_var (estvar_ope, estvar_var, estvar_est, estvar_editable, estvar_tlg) VALUES ('same2014', 'dispositivo_recu', 30, true, 1);
INSERT INTO est_var (estvar_ope, estvar_var, estvar_est, estvar_editable, estvar_tlg) VALUES ('same2014', 'fecha_carga_recu', 32, true, 1);
INSERT INTO est_var (estvar_ope, estvar_var, estvar_est, estvar_editable, estvar_tlg) VALUES ('same2014', 'fecha_primcarga_recu', 32, true, 1);
INSERT INTO est_var (estvar_ope, estvar_var, estvar_est, estvar_editable, estvar_tlg) VALUES ('same2014', 'fecha_descarga_recu', 33, true, 1);
INSERT INTO est_var (estvar_ope, estvar_var, estvar_est, estvar_editable, estvar_tlg) VALUES ('same2014', 'a_ingreso_recu', 34, true, 1);
INSERT INTO est_var (estvar_ope, estvar_var, estvar_est, estvar_editable, estvar_tlg) VALUES ('same2014', 'a_ingreso_recu', 35, true, 1);
INSERT INTO est_var (estvar_ope, estvar_var, estvar_est, estvar_editable, estvar_tlg) VALUES ('same2014', 'volver_a_cargar_recu', 35, true, 1);
INSERT INTO est_var (estvar_ope, estvar_var, estvar_est, estvar_editable, estvar_tlg) VALUES ('same2014', 'volver_a_cargar_recu', 37, true, 1);
INSERT INTO est_var (estvar_ope, estvar_var, estvar_est, estvar_editable, estvar_tlg) VALUES ('same2014', 'fin_ingreso_recu', 36, true, 1);
INSERT INTO est_var (estvar_ope, estvar_var, estvar_est, estvar_editable, estvar_tlg) VALUES ('same2014', 'verificado_recu', 37, true, 1);
INSERT INTO est_var (estvar_ope, estvar_var, estvar_est, estvar_editable, estvar_tlg) VALUES ('same2014', 'bolsa', 70, true, 1);
INSERT INTO est_var (estvar_ope, estvar_var, estvar_est, estvar_editable, estvar_tlg) VALUES ('same2014', 'etapa_pro', 70, true, 1);
INSERT INTO est_var (estvar_ope, estvar_var, estvar_est, estvar_editable, estvar_tlg) VALUES ('same2014', 'resol_campo', 78, true, 1);
INSERT INTO est_var (estvar_ope, estvar_var, estvar_est, estvar_editable, estvar_tlg) VALUES ('same2014', 'cod_anacon', 70, true, 1);
INSERT INTO est_var (estvar_ope, estvar_var, estvar_est, estvar_editable, estvar_tlg) VALUES ('same2014', 'fin_anacon', 72, true, 1);
INSERT INTO est_var (estvar_ope, estvar_var, estvar_est, estvar_editable, estvar_tlg) VALUES ('same2014', 'cod_sup', 40, true, 1);
INSERT INTO est_var (estvar_ope, estvar_var, estvar_est, estvar_editable, estvar_tlg) VALUES ('same2014', 'cod_sup', 41, true, 1);
INSERT INTO est_var (estvar_ope, estvar_var, estvar_est, estvar_editable, estvar_tlg) VALUES ('same2014', 'fecha_carga_sup', 42, true, 1);
INSERT INTO est_var (estvar_ope, estvar_var, estvar_est, estvar_editable, estvar_tlg) VALUES ('same2014', 'result_sup', 43, true, 1);
INSERT INTO est_var (estvar_ope, estvar_var, estvar_est, estvar_editable, estvar_tlg) VALUES ('same2014', 'result_sup', 44, true, 1);
INSERT INTO est_var (estvar_ope, estvar_var, estvar_est, estvar_editable, estvar_tlg) VALUES ('same2014', 'verificado_sup', 46, true, 1);
INSERT INTO est_var (estvar_ope, estvar_var, estvar_est, estvar_editable, estvar_tlg) VALUES ('same2014', 'verificado_sup', 47, true, 1);

INSERT INTO planillas (planilla_planilla, planilla_nombre, planilla_tlg) VALUES ('CAR_ENC', 'Planilla de carga del encuestador', 1);
INSERT INTO planillas (planilla_planilla, planilla_nombre, planilla_tlg) VALUES ('REC_ENC', 'Planilla de recepción del encuestador', 1);
INSERT INTO planillas (planilla_planilla, planilla_nombre, planilla_tlg) VALUES ('CAR_REC', 'Planilla de carga del recuperador', 1);
INSERT INTO planillas (planilla_planilla, planilla_nombre, planilla_tlg) VALUES ('REC_REC', 'Planilla de recepción del recuperador', 1);
INSERT INTO planillas (planilla_planilla, planilla_nombre, planilla_tlg) VALUES ('CAR_SUP_REC', 'Planilla de carga del supervisor del recuperador', 1);
INSERT INTO planillas (planilla_planilla, planilla_nombre, planilla_tlg) VALUES ('REC_SUP_REC', 'Planilla de recepción del supervisor del recuperador', 1);
INSERT INTO planillas (planilla_planilla, planilla_nombre, planilla_tlg) VALUES ('CAR_SUP_ENC', 'Planilla de carga del supervisor del encuestador', 1);
INSERT INTO planillas (planilla_planilla, planilla_nombre, planilla_tlg) VALUES ('REC_SUP_ENC', 'Planilla de recepción del supervisor del encuestador', 1);
INSERT INTO planillas (planilla_planilla, planilla_nombre, planilla_tlg) VALUES ('PLA_PRO', 'Planilla de Procesamiento', 1);
INSERT INTO planillas (planilla_planilla, planilla_nombre, planilla_tlg) VALUES ('REC_SUP_CAM', 'Planilla de rececpción del supervisor de campo', 1);
INSERT INTO planillas (planilla_planilla, planilla_nombre, planilla_tlg) VALUES ('REC_SUP_TEL', 'Planilla de rececpción del supervisor telefónico', 1);
INSERT INTO planillas (planilla_planilla, planilla_nombre, planilla_tlg) VALUES ('PLA_ENC_VER', 'Planilla de encuestas pendientes de verificar', 1);
INSERT INTO planillas (planilla_planilla, planilla_nombre, planilla_tlg) VALUES ('MON_TEM_CAMPO', 'Planilla de monitoreo de la TEM', 1);
INSERT INTO planillas (planilla_planilla, planilla_nombre, planilla_tlg) VALUES ('MON_TEM', 'Planilla de monitoreo general de la TEM', 1);


INSERT INTO pla_est (plaest_planilla, plaest_ope, plaest_est, plaest_tlg) VALUES ('CAR_ENC', 'same2014', 19, 1);
INSERT INTO pla_est (plaest_planilla, plaest_ope, plaest_est, plaest_tlg) VALUES ('CAR_ENC', 'same2014', 20, 1);
INSERT INTO pla_est (plaest_planilla, plaest_ope, plaest_est, plaest_tlg) VALUES ('REC_ENC', 'same2014', 20, 1);
INSERT INTO pla_est (plaest_planilla, plaest_ope, plaest_est, plaest_tlg) VALUES ('CAR_ENC', 'same2014', 22, 1);
INSERT INTO pla_est (plaest_planilla, plaest_ope, plaest_est, plaest_tlg) VALUES ('REC_ENC', 'same2014', 22, 1);
INSERT INTO pla_est (plaest_planilla, plaest_ope, plaest_est, plaest_tlg) VALUES ('REC_ENC', 'same2014', 23, 1);
INSERT INTO pla_est (plaest_planilla, plaest_ope, plaest_est, plaest_tlg) VALUES ('REC_ENC', 'same2014', 24, 1);
INSERT INTO pla_est (plaest_planilla, plaest_ope, plaest_est, plaest_tlg) VALUES ('REC_ENC', 'same2014', 25, 1);
INSERT INTO pla_est (plaest_planilla, plaest_ope, plaest_est, plaest_tlg) VALUES ('REC_ENC', 'same2014', 27, 1);
INSERT INTO pla_est (plaest_planilla, plaest_ope, plaest_est, plaest_tlg) VALUES ('REC_ENC', 'same2014', 26, 1);
INSERT INTO pla_est (plaest_planilla, plaest_ope, plaest_est, plaest_tlg) VALUES ('CAR_REC', 'same2014', 30, 1);
INSERT INTO pla_est (plaest_planilla, plaest_ope, plaest_est, plaest_tlg) VALUES ('CAR_REC', 'same2014', 32, 1);
INSERT INTO pla_est (plaest_planilla, plaest_ope, plaest_est, plaest_tlg) VALUES ('REC_REC', 'same2014', 33, 1);
INSERT INTO pla_est (plaest_planilla, plaest_ope, plaest_est, plaest_tlg) VALUES ('REC_REC', 'same2014', 34, 1);
INSERT INTO pla_est (plaest_planilla, plaest_ope, plaest_est, plaest_tlg) VALUES ('REC_REC', 'same2014', 35, 1);
INSERT INTO pla_est (plaest_planilla, plaest_ope, plaest_est, plaest_tlg) VALUES ('REC_REC', 'same2014', 37, 1);
INSERT INTO pla_est (plaest_planilla, plaest_ope, plaest_est, plaest_tlg) VALUES ('REC_REC', 'same2014', 36, 1);
INSERT INTO pla_est (plaest_planilla, plaest_ope, plaest_est, plaest_tlg) VALUES ('CAR_SUP_ENC', 'same2014', 40, 1);
INSERT INTO pla_est (plaest_planilla, plaest_ope, plaest_est, plaest_tlg) VALUES ('CAR_SUP_ENC', 'same2014', 41, 1);
INSERT INTO pla_est (plaest_planilla, plaest_ope, plaest_est, plaest_tlg) VALUES ('CAR_SUP_ENC', 'same2014', 42, 1);
INSERT INTO pla_est (plaest_planilla, plaest_ope, plaest_est, plaest_tlg) VALUES ('REC_SUP_ENC', 'same2014', 43, 1);
INSERT INTO pla_est (plaest_planilla, plaest_ope, plaest_est, plaest_tlg) VALUES ('REC_SUP_ENC', 'same2014', 44, 1);
INSERT INTO pla_est (plaest_planilla, plaest_ope, plaest_est, plaest_tlg) VALUES ('REC_SUP_ENC', 'same2014', 46, 1);
INSERT INTO pla_est (plaest_planilla, plaest_ope, plaest_est, plaest_tlg) VALUES ('REC_SUP_ENC', 'same2014', 47, 1);
INSERT INTO pla_est (plaest_planilla, plaest_ope, plaest_est, plaest_tlg) VALUES ('CAR_SUP_REC', 'same2014', 50, 1);
INSERT INTO pla_est (plaest_planilla, plaest_ope, plaest_est, plaest_tlg) VALUES ('CAR_SUP_REC', 'same2014', 51, 1);
INSERT INTO pla_est (plaest_planilla, plaest_ope, plaest_est, plaest_tlg) VALUES ('CAR_SUP_REC', 'same2014', 52, 1);
INSERT INTO pla_est (plaest_planilla, plaest_ope, plaest_est, plaest_tlg) VALUES ('REC_SUP_REC', 'same2014', 53, 1);
INSERT INTO pla_est (plaest_planilla, plaest_ope, plaest_est, plaest_tlg) VALUES ('REC_SUP_REC', 'same2014', 54, 1);
INSERT INTO pla_est (plaest_planilla, plaest_ope, plaest_est, plaest_tlg) VALUES ('REC_SUP_REC', 'same2014', 56, 1);
INSERT INTO pla_est (plaest_planilla, plaest_ope, plaest_est, plaest_tlg) VALUES ('REC_SUP_REC', 'same2014', 57, 1);
INSERT INTO pla_est (plaest_planilla, plaest_ope, plaest_est, plaest_tlg) VALUES ('PLA_PRO', 'same2014', 70, 1);
INSERT INTO pla_est (plaest_planilla, plaest_ope, plaest_est, plaest_tlg) VALUES ('PLA_PRO', 'same2014', 72, 1);
INSERT INTO pla_est (plaest_planilla, plaest_ope, plaest_est, plaest_tlg) VALUES ('REC_SUP_CAM', 'same2014', 43, 1);
INSERT INTO pla_est (plaest_planilla, plaest_ope, plaest_est, plaest_tlg) VALUES ('REC_SUP_TEL', 'same2014', 43, 1);
INSERT INTO pla_est (plaest_planilla, plaest_ope, plaest_est, plaest_tlg) VALUES ('REC_SUP_CAM', 'same2014', 44, 1);
INSERT INTO pla_est (plaest_planilla, plaest_ope, plaest_est, plaest_tlg) VALUES ('REC_SUP_TEL', 'same2014', 44, 1);
INSERT INTO pla_est (plaest_planilla, plaest_ope, plaest_est, plaest_tlg) VALUES ('REC_SUP_CAM', 'same2014', 46, 1);
INSERT INTO pla_est (plaest_planilla, plaest_ope, plaest_est, plaest_tlg) VALUES ('REC_SUP_TEL', 'same2014', 46, 1);
INSERT INTO pla_est (plaest_planilla, plaest_ope, plaest_est, plaest_tlg) VALUES ('REC_SUP_CAM', 'same2014', 47, 1);
INSERT INTO pla_est (plaest_planilla, plaest_ope, plaest_est, plaest_tlg) VALUES ('REC_SUP_TEL', 'same2014', 47, 1);
INSERT INTO pla_est (plaest_planilla, plaest_ope, plaest_est, plaest_tlg) VALUES ('REC_SUP_TEL', 'same2014', 45, 1);
INSERT INTO pla_est (plaest_planilla, plaest_ope, plaest_est, plaest_tlg) VALUES ('REC_SUP_TEL', 'same2014', 55, 1);
INSERT INTO pla_est (plaest_planilla, plaest_ope, plaest_est, plaest_tlg) VALUES ('MON_TEM', 'same2014', 75, 1);
INSERT INTO pla_est (plaest_planilla, plaest_ope, plaest_est, plaest_tlg) VALUES ('PLA_PRO', 'same2014', 75, 1);
INSERT INTO pla_est (plaest_planilla, plaest_ope, plaest_est, plaest_tlg) VALUES ('MON_TEM', 'same2014', 78, 1);
INSERT INTO pla_est (plaest_planilla, plaest_ope, plaest_est, plaest_tlg) VALUES ('PLA_PRO', 'same2014', 78, 1);
INSERT INTO pla_est (plaest_planilla, plaest_ope, plaest_est, plaest_tlg) VALUES ('PLA_ENC_VER', 'same2014', 20, 1);
INSERT INTO pla_est (plaest_planilla, plaest_ope, plaest_est, plaest_tlg) VALUES ('PLA_ENC_VER', 'same2014', 22, 1);
INSERT INTO pla_est (plaest_planilla, plaest_ope, plaest_est, plaest_tlg) VALUES ('PLA_ENC_VER', 'same2014', 23, 1);
INSERT INTO pla_est (plaest_planilla, plaest_ope, plaest_est, plaest_tlg) VALUES ('PLA_ENC_VER', 'same2014', 24, 1);
INSERT INTO pla_est (plaest_planilla, plaest_ope, plaest_est, plaest_tlg) VALUES ('PLA_ENC_VER', 'same2014', 25, 1);
INSERT INTO pla_est (plaest_planilla, plaest_ope, plaest_est, plaest_tlg) VALUES ('PLA_ENC_VER', 'same2014', 26, 1);
INSERT INTO pla_est (plaest_planilla, plaest_ope, plaest_est, plaest_tlg) VALUES ('PLA_ENC_VER', 'same2014', 27, 1);


--
-- Data for Name: pla_var; Type: TABLE DATA; Schema: encu; Owner: tedede_php
--

INSERT INTO pla_var (plavar_ope, plavar_var, plavar_planilla, plavar_editable, plavar_orden, plavar_tlg) VALUES ('same2014', 'estado', 'REC_ENC', false, 90, 1);
INSERT INTO pla_var (plavar_ope, plavar_var, plavar_planilla, plavar_editable, plavar_orden, plavar_tlg) VALUES ('same2014', 'asignable', 'CAR_ENC', false, 100, 1);
INSERT INTO pla_var (plavar_ope, plavar_var, plavar_planilla, plavar_editable, plavar_orden, plavar_tlg) VALUES ('same2014', 'semana', 'MON_TEM', false, 10, 1);
INSERT INTO pla_var (plavar_ope, plavar_var, plavar_planilla, plavar_editable, plavar_orden, plavar_tlg) VALUES ('same2014', 'dispositivo_enc', 'CAR_ENC', false, 120, 1);
INSERT INTO pla_var (plavar_ope, plavar_var, plavar_planilla, plavar_editable, plavar_orden, plavar_tlg) VALUES ('same2014', 'enc', 'MON_TEM', false, 20, 1);
INSERT INTO pla_var (plavar_ope, plavar_var, plavar_planilla, plavar_editable, plavar_orden, plavar_tlg) VALUES ('same2014', 'reserva', 'MON_TEM', false, 30, 1);
INSERT INTO pla_var (plavar_ope, plavar_var, plavar_planilla, plavar_editable, plavar_orden, plavar_tlg) VALUES ('same2014', 'fecha_carga_enc', 'CAR_ENC', false, 140, 1);
INSERT INTO pla_var (plavar_ope, plavar_var, plavar_planilla, plavar_editable, plavar_orden, plavar_tlg) VALUES ('same2014', 'fecha_carga_enc', 'REC_ENC', false, 140, 1);
INSERT INTO pla_var (plavar_ope, plavar_var, plavar_planilla, plavar_editable, plavar_orden, plavar_tlg) VALUES ('same2014', 'fecha_primcarga_enc', 'REC_ENC', false, 150, 1);
INSERT INTO pla_var (plavar_ope, plavar_var, plavar_planilla, plavar_editable, plavar_orden, plavar_tlg) VALUES ('same2014', 'fecha_descarga_enc', 'REC_ENC', false, 160, 1);
INSERT INTO pla_var (plavar_ope, plavar_var, plavar_planilla, plavar_editable, plavar_orden, plavar_tlg) VALUES ('same2014', 'areaup', 'MON_TEM', false, 40, 1);
INSERT INTO pla_var (plavar_ope, plavar_var, plavar_planilla, plavar_editable, plavar_orden, plavar_tlg) VALUES ('same2014', 'rotaci_n_etoi', 'MON_TEM', false, 50, 1);
INSERT INTO pla_var (plavar_ope, plavar_var, plavar_planilla, plavar_editable, plavar_orden, plavar_tlg) VALUES ('same2014', 'fin_ingreso_enc', 'REC_ENC', false, 210, 1);
INSERT INTO pla_var (plavar_ope, plavar_var, plavar_planilla, plavar_editable, plavar_orden, plavar_tlg) VALUES ('same2014', 'rea_enc', 'REC_ENC', false, 220, 1);
INSERT INTO pla_var (plavar_ope, plavar_var, plavar_planilla, plavar_editable, plavar_orden, plavar_tlg) VALUES ('same2014', 'comenzo_ingreso', 'REC_ENC', false, 230, 1);
INSERT INTO pla_var (plavar_ope, plavar_var, plavar_planilla, plavar_editable, plavar_orden, plavar_tlg) VALUES ('same2014', 'norea_enc', 'REC_ENC', false, 240, 1);
INSERT INTO pla_var (plavar_ope, plavar_var, plavar_planilla, plavar_editable, plavar_orden, plavar_tlg) VALUES ('same2014', 'rea', 'REC_ENC', false, 250, 1);
INSERT INTO pla_var (plavar_ope, plavar_var, plavar_planilla, plavar_editable, plavar_orden, plavar_tlg) VALUES ('same2014', 'bolsa', 'PLA_PRO', false, 790, 1);
INSERT INTO pla_var (plavar_ope, plavar_var, plavar_planilla, plavar_editable, plavar_orden, plavar_tlg) VALUES ('same2014', 'norea', 'REC_ENC', false, 260, 1);
INSERT INTO pla_var (plavar_ope, plavar_var, plavar_planilla, plavar_editable, plavar_orden, plavar_tlg) VALUES ('same2014', 'etapa_pro', 'PLA_PRO', false, 800, 1);
INSERT INTO pla_var (plavar_ope, plavar_var, plavar_planilla, plavar_editable, plavar_orden, plavar_tlg) VALUES ('same2014', 'hog_pre', 'REC_ENC', false, 270, 1);
INSERT INTO pla_var (plavar_ope, plavar_var, plavar_planilla, plavar_editable, plavar_orden, plavar_tlg) VALUES ('same2014', 'hog_tot', 'REC_ENC', false, 280, 1);
INSERT INTO pla_var (plavar_ope, plavar_var, plavar_planilla, plavar_editable, plavar_orden, plavar_tlg) VALUES ('same2014', 'rotaci_n_eah', 'MON_TEM', false, 60, 1);
INSERT INTO pla_var (plavar_ope, plavar_var, plavar_planilla, plavar_editable, plavar_orden, plavar_tlg) VALUES ('same2014', 'pob_pre', 'REC_ENC', false, 290, 1);
INSERT INTO pla_var (plavar_ope, plavar_var, plavar_planilla, plavar_editable, plavar_orden, plavar_tlg) VALUES ('same2014', 'trimestre', 'MON_TEM', false, 70, 1);
INSERT INTO pla_var (plavar_ope, plavar_var, plavar_planilla, plavar_editable, plavar_orden, plavar_tlg) VALUES ('same2014', 'pob_tot', 'REC_ENC', false, 300, 1);
INSERT INTO pla_var (plavar_ope, plavar_var, plavar_planilla, plavar_editable, plavar_orden, plavar_tlg) VALUES ('same2014', 'con_dato_enc', 'REC_ENC', false, 310, 1);
INSERT INTO pla_var (plavar_ope, plavar_var, plavar_planilla, plavar_editable, plavar_orden, plavar_tlg) VALUES ('same2014', 'carga', 'REC_ENC', false, 320, 1);
INSERT INTO pla_var (plavar_ope, plavar_var, plavar_planilla, plavar_editable, plavar_orden, plavar_tlg) VALUES ('same2014', 'idprocedencia', 'MON_TEM', false, 80, 1);
INSERT INTO pla_var (plavar_ope, plavar_var, plavar_planilla, plavar_editable, plavar_orden, plavar_tlg) VALUES ('same2014', 'dispositivo_recu', 'CAR_REC', false, 390, 1);
INSERT INTO pla_var (plavar_ope, plavar_var, plavar_planilla, plavar_editable, plavar_orden, plavar_tlg) VALUES ('same2014', 'fecha_carga_recu', 'CAR_REC', false, 400, 1);
INSERT INTO pla_var (plavar_ope, plavar_var, plavar_planilla, plavar_editable, plavar_orden, plavar_tlg) VALUES ('same2014', 'cod_anacon', 'PLA_PRO', false, 760, 1);
INSERT INTO pla_var (plavar_ope, plavar_var, plavar_planilla, plavar_editable, plavar_orden, plavar_tlg) VALUES ('same2014', 'fin_anacon', 'PLA_PRO', false, 763, 1);
INSERT INTO pla_var (plavar_ope, plavar_var, plavar_planilla, plavar_editable, plavar_orden, plavar_tlg) VALUES ('same2014', 'estado', 'REC_REC', false, 90, 1);
INSERT INTO pla_var (plavar_ope, plavar_var, plavar_planilla, plavar_editable, plavar_orden, plavar_tlg) VALUES ('same2014', 'procedencia', 'MON_TEM', false, 90, 1);
INSERT INTO pla_var (plavar_ope, plavar_var, plavar_planilla, plavar_editable, plavar_orden, plavar_tlg) VALUES ('same2014', 'comenzo_ingreso', 'REC_REC', false, 120, 1);
INSERT INTO pla_var (plavar_ope, plavar_var, plavar_planilla, plavar_editable, plavar_orden, plavar_tlg) VALUES ('same2014', 'rea', 'REC_REC', false, 130, 1);
INSERT INTO pla_var (plavar_ope, plavar_var, plavar_planilla, plavar_editable, plavar_orden, plavar_tlg) VALUES ('same2014', 'norea', 'REC_REC', false, 140, 1);
INSERT INTO pla_var (plavar_ope, plavar_var, plavar_planilla, plavar_editable, plavar_orden, plavar_tlg) VALUES ('same2014', 'hog_pre', 'REC_REC', false, 150, 1);
INSERT INTO pla_var (plavar_ope, plavar_var, plavar_planilla, plavar_editable, plavar_orden, plavar_tlg) VALUES ('same2014', 'hog_tot', 'REC_REC', false, 160, 1);
INSERT INTO pla_var (plavar_ope, plavar_var, plavar_planilla, plavar_editable, plavar_orden, plavar_tlg) VALUES ('same2014', 'sup_aleat', 'REC_ENC', false, 330, 1);
INSERT INTO pla_var (plavar_ope, plavar_var, plavar_planilla, plavar_editable, plavar_orden, plavar_tlg) VALUES ('same2014', 'yearfuente', 'MON_TEM', false, 100, 1);
INSERT INTO pla_var (plavar_ope, plavar_var, plavar_planilla, plavar_editable, plavar_orden, plavar_tlg) VALUES ('same2014', 'fecha_carga_sup', 'CAR_SUP_ENC', false, 560, 1);
INSERT INTO pla_var (plavar_ope, plavar_var, plavar_planilla, plavar_editable, plavar_orden, plavar_tlg) VALUES ('same2014', 'pob_pre', 'REC_REC', false, 170, 1);
INSERT INTO pla_var (plavar_ope, plavar_var, plavar_planilla, plavar_editable, plavar_orden, plavar_tlg) VALUES ('same2014', 'pob_tot', 'REC_REC', false, 180, 1);
INSERT INTO pla_var (plavar_ope, plavar_var, plavar_planilla, plavar_editable, plavar_orden, plavar_tlg) VALUES ('same2014', 'up_comuna', 'MON_TEM', false, 120, 1);
INSERT INTO pla_var (plavar_ope, plavar_var, plavar_planilla, plavar_editable, plavar_orden, plavar_tlg) VALUES ('same2014', 'operacion', 'MON_TEM', false, 130, 1);
INSERT INTO pla_var (plavar_ope, plavar_var, plavar_planilla, plavar_editable, plavar_orden, plavar_tlg) VALUES ('same2014', 'fecha_carga_recu', 'REC_REC', false, 210, 1);
INSERT INTO pla_var (plavar_ope, plavar_var, plavar_planilla, plavar_editable, plavar_orden, plavar_tlg) VALUES ('same2014', 'fecha_primcarga_recu', 'REC_REC', false, 220, 1);
INSERT INTO pla_var (plavar_ope, plavar_var, plavar_planilla, plavar_editable, plavar_orden, plavar_tlg) VALUES ('same2014', 'fecha_descarga_recu', 'REC_REC', false, 230, 1);
INSERT INTO pla_var (plavar_ope, plavar_var, plavar_planilla, plavar_editable, plavar_orden, plavar_tlg) VALUES ('same2014', 'h4_mues', 'MON_TEM', false, 140, 1);
INSERT INTO pla_var (plavar_ope, plavar_var, plavar_planilla, plavar_editable, plavar_orden, plavar_tlg) VALUES ('same2014', 'idtipounidad', 'MON_TEM', false, 150, 1);
INSERT INTO pla_var (plavar_ope, plavar_var, plavar_planilla, plavar_editable, plavar_orden, plavar_tlg) VALUES ('same2014', 'fin_ingreso_recu', 'REC_REC', false, 260, 1);
INSERT INTO pla_var (plavar_ope, plavar_var, plavar_planilla, plavar_editable, plavar_orden, plavar_tlg) VALUES ('same2014', 'con_dato_recu', 'REC_REC', false, 270, 1);
INSERT INTO pla_var (plavar_ope, plavar_var, plavar_planilla, plavar_editable, plavar_orden, plavar_tlg) VALUES ('same2014', 'h1_mues', 'MON_TEM', false, 160, 1);
INSERT INTO pla_var (plavar_ope, plavar_var, plavar_planilla, plavar_editable, plavar_orden, plavar_tlg) VALUES ('same2014', 'rea_recu', 'REC_REC', false, 290, 1);
INSERT INTO pla_var (plavar_ope, plavar_var, plavar_planilla, plavar_editable, plavar_orden, plavar_tlg) VALUES ('same2014', 'norea_recu', 'REC_REC', false, 300, 1);
INSERT INTO pla_var (plavar_ope, plavar_var, plavar_planilla, plavar_editable, plavar_orden, plavar_tlg) VALUES ('same2014', 'ups', 'MON_TEM', false, 170, 1);
INSERT INTO pla_var (plavar_ope, plavar_var, plavar_planilla, plavar_editable, plavar_orden, plavar_tlg) VALUES ('same2014', 'rea_enc', 'REC_REC', false, 430, 1);
INSERT INTO pla_var (plavar_ope, plavar_var, plavar_planilla, plavar_editable, plavar_orden, plavar_tlg) VALUES ('same2014', 'norea_enc', 'REC_REC', false, 440, 1);
INSERT INTO pla_var (plavar_ope, plavar_var, plavar_planilla, plavar_editable, plavar_orden, plavar_tlg) VALUES ('same2014', 'rama_act', 'MON_TEM', false, 180, 1);
INSERT INTO pla_var (plavar_ope, plavar_var, plavar_planilla, plavar_editable, plavar_orden, plavar_tlg) VALUES ('same2014', 'te', 'MON_TEM', false, 190, 1);
INSERT INTO pla_var (plavar_ope, plavar_var, plavar_planilla, plavar_editable, plavar_orden, plavar_tlg) VALUES ('same2014', 'cod_enc', 'CAR_ENC', true, 110, 1);
INSERT INTO pla_var (plavar_ope, plavar_var, plavar_planilla, plavar_editable, plavar_orden, plavar_tlg) VALUES ('same2014', 'recepcionista', 'CAR_ENC', true, 130, 1);
INSERT INTO pla_var (plavar_ope, plavar_var, plavar_planilla, plavar_editable, plavar_orden, plavar_tlg) VALUES ('same2014', 'resol_campo', 'PLA_PRO', true, 850, 1);
INSERT INTO pla_var (plavar_ope, plavar_var, plavar_planilla, plavar_editable, plavar_orden, plavar_tlg) VALUES ('same2014', 'cod_recu', 'CAR_REC', true, 380, 1);
INSERT INTO pla_var (plavar_ope, plavar_var, plavar_planilla, plavar_editable, plavar_orden, plavar_tlg) VALUES ('same2014', 'cod_sup', 'CAR_SUP_ENC', true, 540, 1);
INSERT INTO pla_var (plavar_ope, plavar_var, plavar_planilla, plavar_editable, plavar_orden, plavar_tlg) VALUES ('same2014', 'result_sup', 'REC_SUP_ENC', true, 570, 1);
INSERT INTO pla_var (plavar_ope, plavar_var, plavar_planilla, plavar_editable, plavar_orden, plavar_tlg) VALUES ('same2014', 'verificado_sup', 'REC_SUP_ENC', true, 590, 1);
INSERT INTO pla_var (plavar_ope, plavar_var, plavar_planilla, plavar_editable, plavar_orden, plavar_tlg) VALUES ('same2014', 'sup_aleat', 'REC_REC', false, 450, 1);
INSERT INTO pla_var (plavar_ope, plavar_var, plavar_planilla, plavar_editable, plavar_orden, plavar_tlg) VALUES ('same2014', 'sel_etoi14_villa', 'MON_TEM', false, 200, 1);
INSERT INTO pla_var (plavar_ope, plavar_var, plavar_planilla, plavar_editable, plavar_orden, plavar_tlg) VALUES ('same2014', 'marco', 'MON_TEM', false, 210, 1);
INSERT INTO pla_var (plavar_ope, plavar_var, plavar_planilla, plavar_editable, plavar_orden, plavar_tlg) VALUES ('same2014', 'fecha_carga_sup', 'REC_SUP_CAM', false, 550, 1);
INSERT INTO pla_var (plavar_ope, plavar_var, plavar_planilla, plavar_editable, plavar_orden, plavar_tlg) VALUES ('same2014', 'fecha_primcarga_sup', 'REC_SUP_CAM', false, 560, 1);
INSERT INTO pla_var (plavar_ope, plavar_var, plavar_planilla, plavar_editable, plavar_orden, plavar_tlg) VALUES ('same2014', 'rea', 'REC_SUP_CAM', false, 160, 1);
INSERT INTO pla_var (plavar_ope, plavar_var, plavar_planilla, plavar_editable, plavar_orden, plavar_tlg) VALUES ('same2014', 'norea', 'REC_SUP_CAM', false, 170, 1);
INSERT INTO pla_var (plavar_ope, plavar_var, plavar_planilla, plavar_editable, plavar_orden, plavar_tlg) VALUES ('same2014', 'hog_pre', 'REC_SUP_CAM', false, 180, 1);
INSERT INTO pla_var (plavar_ope, plavar_var, plavar_planilla, plavar_editable, plavar_orden, plavar_tlg) VALUES ('same2014', 'hog_tot', 'REC_SUP_CAM', false, 190, 1);
INSERT INTO pla_var (plavar_ope, plavar_var, plavar_planilla, plavar_editable, plavar_orden, plavar_tlg) VALUES ('same2014', 'pob_pre', 'REC_SUP_CAM', false, 200, 1);
INSERT INTO pla_var (plavar_ope, plavar_var, plavar_planilla, plavar_editable, plavar_orden, plavar_tlg) VALUES ('same2014', 'pob_tot', 'REC_SUP_CAM', false, 210, 1);
INSERT INTO pla_var (plavar_ope, plavar_var, plavar_planilla, plavar_editable, plavar_orden, plavar_tlg) VALUES ('same2014', 'marco_anio', 'MON_TEM', false, 220, 1);
INSERT INTO pla_var (plavar_ope, plavar_var, plavar_planilla, plavar_editable, plavar_orden, plavar_tlg) VALUES ('same2014', 'zona', 'MON_TEM', false, 230, 1);
INSERT INTO pla_var (plavar_ope, plavar_var, plavar_planilla, plavar_editable, plavar_orden, plavar_tlg) VALUES ('same2014', 'fecha_carga_sup', 'REC_SUP_TEL', false, 550, 1);
INSERT INTO pla_var (plavar_ope, plavar_var, plavar_planilla, plavar_editable, plavar_orden, plavar_tlg) VALUES ('same2014', 'fecha_primcarga_sup', 'REC_SUP_TEL', false, 560, 1);
INSERT INTO pla_var (plavar_ope, plavar_var, plavar_planilla, plavar_editable, plavar_orden, plavar_tlg) VALUES ('same2014', 'rea', 'REC_SUP_TEL', false, 160, 1);
INSERT INTO pla_var (plavar_ope, plavar_var, plavar_planilla, plavar_editable, plavar_orden, plavar_tlg) VALUES ('same2014', 'norea', 'REC_SUP_TEL', false, 170, 1);
INSERT INTO pla_var (plavar_ope, plavar_var, plavar_planilla, plavar_editable, plavar_orden, plavar_tlg) VALUES ('same2014', 'hog_pre', 'REC_SUP_TEL', false, 180, 1);
INSERT INTO pla_var (plavar_ope, plavar_var, plavar_planilla, plavar_editable, plavar_orden, plavar_tlg) VALUES ('same2014', 'hog_tot', 'REC_SUP_TEL', false, 190, 1);
INSERT INTO pla_var (plavar_ope, plavar_var, plavar_planilla, plavar_editable, plavar_orden, plavar_tlg) VALUES ('same2014', 'pob_pre', 'REC_SUP_TEL', false, 200, 1);
INSERT INTO pla_var (plavar_ope, plavar_var, plavar_planilla, plavar_editable, plavar_orden, plavar_tlg) VALUES ('same2014', 'pob_tot', 'REC_SUP_TEL', false, 210, 1);
INSERT INTO pla_var (plavar_ope, plavar_var, plavar_planilla, plavar_editable, plavar_orden, plavar_tlg) VALUES ('same2014', 'area', 'MON_TEM', false, 250, 1);
INSERT INTO pla_var (plavar_ope, plavar_var, plavar_planilla, plavar_editable, plavar_orden, plavar_tlg) VALUES ('same2014', 'comuna', 'MON_TEM', false, 260, 1);
INSERT INTO pla_var (plavar_ope, plavar_var, plavar_planilla, plavar_editable, plavar_orden, plavar_tlg) VALUES ('same2014', 'dominio', 'MON_TEM', false, 270, 1);
INSERT INTO pla_var (plavar_ope, plavar_var, plavar_planilla, plavar_editable, plavar_orden, plavar_tlg) VALUES ('same2014', 'estado', 'PLA_PRO', false, 90, 1);
INSERT INTO pla_var (plavar_ope, plavar_var, plavar_planilla, plavar_editable, plavar_orden, plavar_tlg) VALUES ('same2014', 'enc', 'REC_REC', false, 5, 1);
INSERT INTO pla_var (plavar_ope, plavar_var, plavar_planilla, plavar_editable, plavar_orden, plavar_tlg) VALUES ('same2014', 'comuna', 'REC_REC', false, 10, 1);
INSERT INTO pla_var (plavar_ope, plavar_var, plavar_planilla, plavar_editable, plavar_orden, plavar_tlg) VALUES ('same2014', 'replica', 'REC_REC', false, 15, 1);
INSERT INTO pla_var (plavar_ope, plavar_var, plavar_planilla, plavar_editable, plavar_orden, plavar_tlg) VALUES ('same2014', 'up', 'REC_REC', false, 20, 1);
INSERT INTO pla_var (plavar_ope, plavar_var, plavar_planilla, plavar_editable, plavar_orden, plavar_tlg) VALUES ('same2014', 'lote', 'REC_REC', false, 25, 1);
INSERT INTO pla_var (plavar_ope, plavar_var, plavar_planilla, plavar_editable, plavar_orden, plavar_tlg) VALUES ('same2014', 'h4', 'REC_REC', false, 55, 1);
INSERT INTO pla_var (plavar_ope, plavar_var, plavar_planilla, plavar_editable, plavar_orden, plavar_tlg) VALUES ('same2014', 'dominio', 'REC_REC', false, 75, 1);
INSERT INTO pla_var (plavar_ope, plavar_var, plavar_planilla, plavar_editable, plavar_orden, plavar_tlg) VALUES ('same2014', 'marco', 'REC_REC', false, 80, 1);
INSERT INTO pla_var (plavar_ope, plavar_var, plavar_planilla, plavar_editable, plavar_orden, plavar_tlg) VALUES ('same2014', 'zona', 'REC_REC', false, 85, 1);
INSERT INTO pla_var (plavar_ope, plavar_var, plavar_planilla, plavar_editable, plavar_orden, plavar_tlg) VALUES ('same2014', 'dispositivo_recu', 'REC_REC', true, 200, 1);
INSERT INTO pla_var (plavar_ope, plavar_var, plavar_planilla, plavar_editable, plavar_orden, plavar_tlg) VALUES ('same2014', 'enc', 'REC_ENC', false, 5, 1);
INSERT INTO pla_var (plavar_ope, plavar_var, plavar_planilla, plavar_editable, plavar_orden, plavar_tlg) VALUES ('same2014', 'comuna', 'REC_ENC', false, 10, 1);
INSERT INTO pla_var (plavar_ope, plavar_var, plavar_planilla, plavar_editable, plavar_orden, plavar_tlg) VALUES ('same2014', 'replica', 'REC_ENC', false, 15, 1);
INSERT INTO pla_var (plavar_ope, plavar_var, plavar_planilla, plavar_editable, plavar_orden, plavar_tlg) VALUES ('same2014', 'up', 'REC_ENC', false, 20, 1);
INSERT INTO pla_var (plavar_ope, plavar_var, plavar_planilla, plavar_editable, plavar_orden, plavar_tlg) VALUES ('same2014', 'lote', 'REC_ENC', false, 25, 1);
INSERT INTO pla_var (plavar_ope, plavar_var, plavar_planilla, plavar_editable, plavar_orden, plavar_tlg) VALUES ('same2014', 'h4', 'REC_ENC', false, 55, 1);
INSERT INTO pla_var (plavar_ope, plavar_var, plavar_planilla, plavar_editable, plavar_orden, plavar_tlg) VALUES ('same2014', 'dominio', 'REC_ENC', false, 75, 1);
INSERT INTO pla_var (plavar_ope, plavar_var, plavar_planilla, plavar_editable, plavar_orden, plavar_tlg) VALUES ('same2014', 'marco', 'REC_ENC', false, 80, 1);
INSERT INTO pla_var (plavar_ope, plavar_var, plavar_planilla, plavar_editable, plavar_orden, plavar_tlg) VALUES ('same2014', 'zona', 'REC_ENC', false, 85, 1);
INSERT INTO pla_var (plavar_ope, plavar_var, plavar_planilla, plavar_editable, plavar_orden, plavar_tlg) VALUES ('same2014', 'dispositivo_enc', 'REC_ENC', true, 120, 1);
INSERT INTO pla_var (plavar_ope, plavar_var, plavar_planilla, plavar_editable, plavar_orden, plavar_tlg) VALUES ('same2014', 'estado', 'REC_SUP_CAM', false, 180, 1);
INSERT INTO pla_var (plavar_ope, plavar_var, plavar_planilla, plavar_editable, plavar_orden, plavar_tlg) VALUES ('same2014', 'estrato', 'MON_TEM', false, 280, 1);
INSERT INTO pla_var (plavar_ope, plavar_var, plavar_planilla, plavar_editable, plavar_orden, plavar_tlg) VALUES ('same2014', 'frac_comun', 'MON_TEM', false, 290, 1);
INSERT INTO pla_var (plavar_ope, plavar_var, plavar_planilla, plavar_editable, plavar_orden, plavar_tlg) VALUES ('same2014', 'enc', 'REC_SUP_CAM', false, 5, 1);
INSERT INTO pla_var (plavar_ope, plavar_var, plavar_planilla, plavar_editable, plavar_orden, plavar_tlg) VALUES ('same2014', 'comuna', 'REC_SUP_CAM', false, 10, 1);
INSERT INTO pla_var (plavar_ope, plavar_var, plavar_planilla, plavar_editable, plavar_orden, plavar_tlg) VALUES ('same2014', 'replica', 'REC_SUP_CAM', false, 15, 1);
INSERT INTO pla_var (plavar_ope, plavar_var, plavar_planilla, plavar_editable, plavar_orden, plavar_tlg) VALUES ('same2014', 'up', 'REC_SUP_CAM', false, 20, 1);
INSERT INTO pla_var (plavar_ope, plavar_var, plavar_planilla, plavar_editable, plavar_orden, plavar_tlg) VALUES ('same2014', 'lote', 'REC_SUP_CAM', false, 25, 1);
INSERT INTO pla_var (plavar_ope, plavar_var, plavar_planilla, plavar_editable, plavar_orden, plavar_tlg) VALUES ('same2014', 'h4', 'REC_SUP_CAM', false, 55, 1);
INSERT INTO pla_var (plavar_ope, plavar_var, plavar_planilla, plavar_editable, plavar_orden, plavar_tlg) VALUES ('same2014', 'dominio', 'REC_SUP_CAM', false, 75, 1);
INSERT INTO pla_var (plavar_ope, plavar_var, plavar_planilla, plavar_editable, plavar_orden, plavar_tlg) VALUES ('same2014', 'marco', 'REC_SUP_CAM', false, 80, 1);
INSERT INTO pla_var (plavar_ope, plavar_var, plavar_planilla, plavar_editable, plavar_orden, plavar_tlg) VALUES ('same2014', 'zona', 'REC_SUP_CAM', false, 85, 1);
INSERT INTO pla_var (plavar_ope, plavar_var, plavar_planilla, plavar_editable, plavar_orden, plavar_tlg) VALUES ('same2014', 'radio_comu', 'MON_TEM', false, 300, 1);
INSERT INTO pla_var (plavar_ope, plavar_var, plavar_planilla, plavar_editable, plavar_orden, plavar_tlg) VALUES ('same2014', 'mza_comuna', 'MON_TEM', false, 310, 1);
INSERT INTO pla_var (plavar_ope, plavar_var, plavar_planilla, plavar_editable, plavar_orden, plavar_tlg) VALUES ('same2014', 'clado', 'MON_TEM', false, 320, 1);
INSERT INTO pla_var (plavar_ope, plavar_var, plavar_planilla, plavar_editable, plavar_orden, plavar_tlg) VALUES ('same2014', 'id_marco', 'MON_TEM', false, 330, 1);
INSERT INTO pla_var (plavar_ope, plavar_var, plavar_planilla, plavar_editable, plavar_orden, plavar_tlg) VALUES ('same2014', 'casa', 'REC_ENC', true, 70, 1);
INSERT INTO pla_var (plavar_ope, plavar_var, plavar_planilla, plavar_editable, plavar_orden, plavar_tlg) VALUES ('same2014', 'result_sup', 'REC_SUP_CAM', true, 570, 1);
INSERT INTO pla_var (plavar_ope, plavar_var, plavar_planilla, plavar_editable, plavar_orden, plavar_tlg) VALUES ('same2014', 'codpos', 'MON_TEM', true, 240, 1);
INSERT INTO pla_var (plavar_ope, plavar_var, plavar_planilla, plavar_editable, plavar_orden, plavar_tlg) VALUES ('same2014', 'cnombre', 'REC_REC', true, 30, 1);
INSERT INTO pla_var (plavar_ope, plavar_var, plavar_planilla, plavar_editable, plavar_orden, plavar_tlg) VALUES ('same2014', 'estado', 'REC_SUP_TEL', false, 180, 1);
INSERT INTO pla_var (plavar_ope, plavar_var, plavar_planilla, plavar_editable, plavar_orden, plavar_tlg) VALUES ('same2014', 'enc', 'REC_SUP_TEL', false, 5, 1);
INSERT INTO pla_var (plavar_ope, plavar_var, plavar_planilla, plavar_editable, plavar_orden, plavar_tlg) VALUES ('same2014', 'comuna', 'REC_SUP_TEL', false, 10, 1);
INSERT INTO pla_var (plavar_ope, plavar_var, plavar_planilla, plavar_editable, plavar_orden, plavar_tlg) VALUES ('same2014', 'replica', 'REC_SUP_TEL', false, 15, 1);
INSERT INTO pla_var (plavar_ope, plavar_var, plavar_planilla, plavar_editable, plavar_orden, plavar_tlg) VALUES ('same2014', 'up', 'REC_SUP_TEL', false, 20, 1);
INSERT INTO pla_var (plavar_ope, plavar_var, plavar_planilla, plavar_editable, plavar_orden, plavar_tlg) VALUES ('same2014', 'lote', 'REC_SUP_TEL', false, 25, 1);
INSERT INTO pla_var (plavar_ope, plavar_var, plavar_planilla, plavar_editable, plavar_orden, plavar_tlg) VALUES ('same2014', 'h4', 'REC_SUP_TEL', false, 55, 1);
INSERT INTO pla_var (plavar_ope, plavar_var, plavar_planilla, plavar_editable, plavar_orden, plavar_tlg) VALUES ('same2014', 'dominio', 'REC_SUP_TEL', false, 75, 1);
INSERT INTO pla_var (plavar_ope, plavar_var, plavar_planilla, plavar_editable, plavar_orden, plavar_tlg) VALUES ('same2014', 'marco', 'REC_SUP_TEL', false, 80, 1);
INSERT INTO pla_var (plavar_ope, plavar_var, plavar_planilla, plavar_editable, plavar_orden, plavar_tlg) VALUES ('same2014', 'zona', 'REC_SUP_TEL', false, 85, 1);
INSERT INTO pla_var (plavar_ope, plavar_var, plavar_planilla, plavar_editable, plavar_orden, plavar_tlg) VALUES ('same2014', 'enc', 'PLA_ENC_VER', false, 5, 1);
INSERT INTO pla_var (plavar_ope, plavar_var, plavar_planilla, plavar_editable, plavar_orden, plavar_tlg) VALUES ('same2014', 'comuna', 'PLA_ENC_VER', false, 10, 1);
INSERT INTO pla_var (plavar_ope, plavar_var, plavar_planilla, plavar_editable, plavar_orden, plavar_tlg) VALUES ('same2014', 'replica', 'PLA_ENC_VER', false, 15, 1);
INSERT INTO pla_var (plavar_ope, plavar_var, plavar_planilla, plavar_editable, plavar_orden, plavar_tlg) VALUES ('same2014', 'up', 'PLA_ENC_VER', false, 20, 1);
INSERT INTO pla_var (plavar_ope, plavar_var, plavar_planilla, plavar_editable, plavar_orden, plavar_tlg) VALUES ('same2014', 'lote', 'PLA_ENC_VER', false, 25, 1);
INSERT INTO pla_var (plavar_ope, plavar_var, plavar_planilla, plavar_editable, plavar_orden, plavar_tlg) VALUES ('same2014', 'h4', 'PLA_ENC_VER', false, 55, 1);
INSERT INTO pla_var (plavar_ope, plavar_var, plavar_planilla, plavar_editable, plavar_orden, plavar_tlg) VALUES ('same2014', 'dominio', 'PLA_ENC_VER', false, 75, 1);
INSERT INTO pla_var (plavar_ope, plavar_var, plavar_planilla, plavar_editable, plavar_orden, plavar_tlg) VALUES ('same2014', 'marco', 'PLA_ENC_VER', false, 80, 1);
INSERT INTO pla_var (plavar_ope, plavar_var, plavar_planilla, plavar_editable, plavar_orden, plavar_tlg) VALUES ('same2014', 'zona', 'PLA_ENC_VER', false, 85, 1);
INSERT INTO pla_var (plavar_ope, plavar_var, plavar_planilla, plavar_editable, plavar_orden, plavar_tlg) VALUES ('same2014', 'estado', 'PLA_ENC_VER', false, 90, 1);
INSERT INTO pla_var (plavar_ope, plavar_var, plavar_planilla, plavar_editable, plavar_orden, plavar_tlg) VALUES ('same2014', 'dispositivo_enc', 'PLA_ENC_VER', true, 120, 1);
INSERT INTO pla_var (plavar_ope, plavar_var, plavar_planilla, plavar_editable, plavar_orden, plavar_tlg) VALUES ('same2014', 'fecha_carga_enc', 'PLA_ENC_VER', false, 140, 1);
INSERT INTO pla_var (plavar_ope, plavar_var, plavar_planilla, plavar_editable, plavar_orden, plavar_tlg) VALUES ('same2014', 'fecha_primcarga_enc', 'PLA_ENC_VER', false, 150, 1);
INSERT INTO pla_var (plavar_ope, plavar_var, plavar_planilla, plavar_editable, plavar_orden, plavar_tlg) VALUES ('same2014', 'fecha_descarga_enc', 'PLA_ENC_VER', false, 160, 1);
INSERT INTO pla_var (plavar_ope, plavar_var, plavar_planilla, plavar_editable, plavar_orden, plavar_tlg) VALUES ('same2014', 'fin_ingreso_enc', 'PLA_ENC_VER', false, 210, 1);
INSERT INTO pla_var (plavar_ope, plavar_var, plavar_planilla, plavar_editable, plavar_orden, plavar_tlg) VALUES ('same2014', 'rea_enc', 'PLA_ENC_VER', false, 220, 1);
INSERT INTO pla_var (plavar_ope, plavar_var, plavar_planilla, plavar_editable, plavar_orden, plavar_tlg) VALUES ('same2014', 'comenzo_ingreso', 'PLA_ENC_VER', false, 230, 1);
INSERT INTO pla_var (plavar_ope, plavar_var, plavar_planilla, plavar_editable, plavar_orden, plavar_tlg) VALUES ('same2014', 'norea_enc', 'PLA_ENC_VER', false, 240, 1);
INSERT INTO pla_var (plavar_ope, plavar_var, plavar_planilla, plavar_editable, plavar_orden, plavar_tlg) VALUES ('same2014', 'rea', 'PLA_ENC_VER', false, 250, 1);
INSERT INTO pla_var (plavar_ope, plavar_var, plavar_planilla, plavar_editable, plavar_orden, plavar_tlg) VALUES ('same2014', 'norea', 'PLA_ENC_VER', false, 260, 1);
INSERT INTO pla_var (plavar_ope, plavar_var, plavar_planilla, plavar_editable, plavar_orden, plavar_tlg) VALUES ('same2014', 'hog_pre', 'PLA_ENC_VER', false, 270, 1);
INSERT INTO pla_var (plavar_ope, plavar_var, plavar_planilla, plavar_editable, plavar_orden, plavar_tlg) VALUES ('same2014', 'hog_tot', 'PLA_ENC_VER', false, 280, 1);
INSERT INTO pla_var (plavar_ope, plavar_var, plavar_planilla, plavar_editable, plavar_orden, plavar_tlg) VALUES ('same2014', 'pob_pre', 'PLA_ENC_VER', false, 290, 1);
INSERT INTO pla_var (plavar_ope, plavar_var, plavar_planilla, plavar_editable, plavar_orden, plavar_tlg) VALUES ('same2014', 'pob_tot', 'PLA_ENC_VER', false, 300, 1);
INSERT INTO pla_var (plavar_ope, plavar_var, plavar_planilla, plavar_editable, plavar_orden, plavar_tlg) VALUES ('same2014', 'con_dato_enc', 'PLA_ENC_VER', false, 310, 1);
INSERT INTO pla_var (plavar_ope, plavar_var, plavar_planilla, plavar_editable, plavar_orden, plavar_tlg) VALUES ('same2014', 'carga', 'PLA_ENC_VER', false, 320, 1);
INSERT INTO pla_var (plavar_ope, plavar_var, plavar_planilla, plavar_editable, plavar_orden, plavar_tlg) VALUES ('same2014', 'sup_aleat', 'PLA_ENC_VER', false, 330, 1);
INSERT INTO pla_var (plavar_ope, plavar_var, plavar_planilla, plavar_editable, plavar_orden, plavar_tlg) VALUES ('same2014', 'semana', 'PLA_ENC_VER', false, 950, 1);
INSERT INTO pla_var (plavar_ope, plavar_var, plavar_planilla, plavar_editable, plavar_orden, plavar_tlg) VALUES ('same2014', 'tot_hab', 'MON_TEM', false, 400, 1);
INSERT INTO pla_var (plavar_ope, plavar_var, plavar_planilla, plavar_editable, plavar_orden, plavar_tlg) VALUES ('same2014', 'estado', 'MON_TEM', false, 490, 1);
INSERT INTO pla_var (plavar_ope, plavar_var, plavar_planilla, plavar_editable, plavar_orden, plavar_tlg) VALUES ('same2014', 'dispositivo_enc', 'MON_TEM', false, 520, 1);
INSERT INTO pla_var (plavar_ope, plavar_var, plavar_planilla, plavar_editable, plavar_orden, plavar_tlg) VALUES ('same2014', 'fecha_carga_enc', 'MON_TEM', false, 530, 1);
INSERT INTO pla_var (plavar_ope, plavar_var, plavar_planilla, plavar_editable, plavar_orden, plavar_tlg) VALUES ('same2014', 'fecha_primcarga_enc', 'MON_TEM', false, 540, 1);
INSERT INTO pla_var (plavar_ope, plavar_var, plavar_planilla, plavar_editable, plavar_orden, plavar_tlg) VALUES ('same2014', 'fecha_descarga_enc', 'MON_TEM', false, 550, 1);
INSERT INTO pla_var (plavar_ope, plavar_var, plavar_planilla, plavar_editable, plavar_orden, plavar_tlg) VALUES ('same2014', 'fin_ingreso_enc', 'MON_TEM', false, 580, 1);
INSERT INTO pla_var (plavar_ope, plavar_var, plavar_planilla, plavar_editable, plavar_orden, plavar_tlg) VALUES ('same2014', 'rea_enc', 'MON_TEM', false, 590, 1);
INSERT INTO pla_var (plavar_ope, plavar_var, plavar_planilla, plavar_editable, plavar_orden, plavar_tlg) VALUES ('same2014', 'norea_enc', 'MON_TEM', false, 600, 1);
INSERT INTO pla_var (plavar_ope, plavar_var, plavar_planilla, plavar_editable, plavar_orden, plavar_tlg) VALUES ('same2014', 'con_dato_enc', 'MON_TEM', false, 610, 1);
INSERT INTO pla_var (plavar_ope, plavar_var, plavar_planilla, plavar_editable, plavar_orden, plavar_tlg) VALUES ('same2014', 'comenzo_ingreso', 'MON_TEM', false, 620, 1);
INSERT INTO pla_var (plavar_ope, plavar_var, plavar_planilla, plavar_editable, plavar_orden, plavar_tlg) VALUES ('same2014', 'rea', 'MON_TEM', false, 630, 1);
INSERT INTO pla_var (plavar_ope, plavar_var, plavar_planilla, plavar_editable, plavar_orden, plavar_tlg) VALUES ('same2014', 'norea', 'MON_TEM', false, 640, 1);
INSERT INTO pla_var (plavar_ope, plavar_var, plavar_planilla, plavar_editable, plavar_orden, plavar_tlg) VALUES ('same2014', 'hog_pre', 'MON_TEM', false, 650, 1);
INSERT INTO pla_var (plavar_ope, plavar_var, plavar_planilla, plavar_editable, plavar_orden, plavar_tlg) VALUES ('same2014', 'hog_tot', 'MON_TEM', false, 660, 1);
INSERT INTO pla_var (plavar_ope, plavar_var, plavar_planilla, plavar_editable, plavar_orden, plavar_tlg) VALUES ('same2014', 'pob_pre', 'MON_TEM', false, 670, 1);
INSERT INTO pla_var (plavar_ope, plavar_var, plavar_planilla, plavar_editable, plavar_orden, plavar_tlg) VALUES ('same2014', 'pob_tot', 'MON_TEM', false, 680, 1);
INSERT INTO pla_var (plavar_ope, plavar_var, plavar_planilla, plavar_editable, plavar_orden, plavar_tlg) VALUES ('same2014', 'sup_aleat', 'MON_TEM', false, 700, 1);
INSERT INTO pla_var (plavar_ope, plavar_var, plavar_planilla, plavar_editable, plavar_orden, plavar_tlg) VALUES ('same2014', 'dispositivo_recu', 'MON_TEM', false, 730, 1);
INSERT INTO pla_var (plavar_ope, plavar_var, plavar_planilla, plavar_editable, plavar_orden, plavar_tlg) VALUES ('same2014', 'fecha_carga_recu', 'MON_TEM', false, 740, 1);
INSERT INTO pla_var (plavar_ope, plavar_var, plavar_planilla, plavar_editable, plavar_orden, plavar_tlg) VALUES ('same2014', 'fecha_primcarga_recu', 'MON_TEM', false, 750, 1);
INSERT INTO pla_var (plavar_ope, plavar_var, plavar_planilla, plavar_editable, plavar_orden, plavar_tlg) VALUES ('same2014', 'fecha_descarga_recu', 'MON_TEM', false, 760, 1);
INSERT INTO pla_var (plavar_ope, plavar_var, plavar_planilla, plavar_editable, plavar_orden, plavar_tlg) VALUES ('same2014', 'fin_ingreso_recu', 'MON_TEM', false, 790, 1);
INSERT INTO pla_var (plavar_ope, plavar_var, plavar_planilla, plavar_editable, plavar_orden, plavar_tlg) VALUES ('same2014', 'rea_recu', 'MON_TEM', false, 800, 1);
INSERT INTO pla_var (plavar_ope, plavar_var, plavar_planilla, plavar_editable, plavar_orden, plavar_tlg) VALUES ('same2014', 'norea_recu', 'MON_TEM', false, 810, 1);
INSERT INTO pla_var (plavar_ope, plavar_var, plavar_planilla, plavar_editable, plavar_orden, plavar_tlg) VALUES ('same2014', 'con_dato_recu', 'MON_TEM', false, 820, 1);
INSERT INTO pla_var (plavar_ope, plavar_var, plavar_planilla, plavar_editable, plavar_orden, plavar_tlg) VALUES ('same2014', 'fecha_carga_sup', 'MON_TEM', false, 850, 1);
INSERT INTO pla_var (plavar_ope, plavar_var, plavar_planilla, plavar_editable, plavar_orden, plavar_tlg) VALUES ('same2014', 'fecha_primcarga_sup', 'MON_TEM', false, 860, 1);
INSERT INTO pla_var (plavar_ope, plavar_var, plavar_planilla, plavar_editable, plavar_orden, plavar_tlg) VALUES ('same2014', 'hn', 'REC_REC', true, 35, 1);
INSERT INTO pla_var (plavar_ope, plavar_var, plavar_planilla, plavar_editable, plavar_orden, plavar_tlg) VALUES ('same2014', 'hp', 'REC_REC', true, 40, 1);
INSERT INTO pla_var (plavar_ope, plavar_var, plavar_planilla, plavar_editable, plavar_orden, plavar_tlg) VALUES ('same2014', 'hd', 'REC_REC', true, 45, 1);
INSERT INTO pla_var (plavar_ope, plavar_var, plavar_planilla, plavar_editable, plavar_orden, plavar_tlg) VALUES ('same2014', 'hab', 'REC_REC', true, 50, 1);
INSERT INTO pla_var (plavar_ope, plavar_var, plavar_planilla, plavar_editable, plavar_orden, plavar_tlg) VALUES ('same2014', 'barrio', 'REC_REC', true, 60, 1);
INSERT INTO pla_var (plavar_ope, plavar_var, plavar_planilla, plavar_editable, plavar_orden, plavar_tlg) VALUES ('same2014', 'ident_edif', 'REC_REC', true, 65, 1);
INSERT INTO pla_var (plavar_ope, plavar_var, plavar_planilla, plavar_editable, plavar_orden, plavar_tlg) VALUES ('same2014', 'obs', 'REC_REC', true, 70, 1);
INSERT INTO pla_var (plavar_ope, plavar_var, plavar_planilla, plavar_editable, plavar_orden, plavar_tlg) VALUES ('same2014', 'recepcionista', 'REC_REC', true, 110, 1);
INSERT INTO pla_var (plavar_ope, plavar_var, plavar_planilla, plavar_editable, plavar_orden, plavar_tlg) VALUES ('same2014', 'cod_recu', 'REC_REC', true, 190, 1);
INSERT INTO pla_var (plavar_ope, plavar_var, plavar_planilla, plavar_editable, plavar_orden, plavar_tlg) VALUES ('same2014', 'a_ingreso_recu', 'REC_REC', true, 240, 1);
INSERT INTO pla_var (plavar_ope, plavar_var, plavar_planilla, plavar_editable, plavar_orden, plavar_tlg) VALUES ('same2014', 'volver_a_cargar_recu', 'REC_REC', true, 250, 1);
INSERT INTO pla_var (plavar_ope, plavar_var, plavar_planilla, plavar_editable, plavar_orden, plavar_tlg) VALUES ('same2014', 'verificado_recu', 'REC_REC', true, 280, 1);
INSERT INTO pla_var (plavar_ope, plavar_var, plavar_planilla, plavar_editable, plavar_orden, plavar_tlg) VALUES ('same2014', 'cod_enc', 'REC_REC', true, 330, 1);
INSERT INTO pla_var (plavar_ope, plavar_var, plavar_planilla, plavar_editable, plavar_orden, plavar_tlg) VALUES ('same2014', 'sup_dirigida', 'REC_REC', true, 460, 1);
INSERT INTO pla_var (plavar_ope, plavar_var, plavar_planilla, plavar_editable, plavar_orden, plavar_tlg) VALUES ('same2014', 'cnombre', 'REC_ENC', true, 30, 1);
INSERT INTO pla_var (plavar_ope, plavar_var, plavar_planilla, plavar_editable, plavar_orden, plavar_tlg) VALUES ('same2014', 'hn', 'REC_ENC', true, 35, 1);
INSERT INTO pla_var (plavar_ope, plavar_var, plavar_planilla, plavar_editable, plavar_orden, plavar_tlg) VALUES ('same2014', 'hp', 'REC_ENC', true, 40, 1);
INSERT INTO pla_var (plavar_ope, plavar_var, plavar_planilla, plavar_editable, plavar_orden, plavar_tlg) VALUES ('same2014', 'hd', 'REC_ENC', true, 45, 1);
INSERT INTO pla_var (plavar_ope, plavar_var, plavar_planilla, plavar_editable, plavar_orden, plavar_tlg) VALUES ('same2014', 'hab', 'REC_ENC', true, 50, 1);
INSERT INTO pla_var (plavar_ope, plavar_var, plavar_planilla, plavar_editable, plavar_orden, plavar_tlg) VALUES ('same2014', 'barrio', 'REC_ENC', true, 60, 1);
INSERT INTO pla_var (plavar_ope, plavar_var, plavar_planilla, plavar_editable, plavar_orden, plavar_tlg) VALUES ('same2014', 'ident_edif', 'REC_ENC', true, 65, 1);
INSERT INTO pla_var (plavar_ope, plavar_var, plavar_planilla, plavar_editable, plavar_orden, plavar_tlg) VALUES ('same2014', 'obs', 'REC_ENC', true, 70, 1);
INSERT INTO pla_var (plavar_ope, plavar_var, plavar_planilla, plavar_editable, plavar_orden, plavar_tlg) VALUES ('same2014', 'cod_enc', 'REC_ENC', true, 110, 1);
INSERT INTO pla_var (plavar_ope, plavar_var, plavar_planilla, plavar_editable, plavar_orden, plavar_tlg) VALUES ('same2014', 'recepcionista', 'REC_ENC', true, 130, 1);
INSERT INTO pla_var (plavar_ope, plavar_var, plavar_planilla, plavar_editable, plavar_orden, plavar_tlg) VALUES ('same2014', 'a_ingreso_enc', 'REC_ENC', true, 170, 1);
INSERT INTO pla_var (plavar_ope, plavar_var, plavar_planilla, plavar_editable, plavar_orden, plavar_tlg) VALUES ('same2014', 'volver_a_cargar_enc', 'REC_ENC', true, 190, 1);
INSERT INTO pla_var (plavar_ope, plavar_var, plavar_planilla, plavar_editable, plavar_orden, plavar_tlg) VALUES ('same2014', 'verificado_enc', 'REC_ENC', true, 360, 1);
INSERT INTO pla_var (plavar_ope, plavar_var, plavar_planilla, plavar_editable, plavar_orden, plavar_tlg) VALUES ('same2014', 'sup_dirigida', 'REC_ENC', true, 340, 1);
INSERT INTO pla_var (plavar_ope, plavar_var, plavar_planilla, plavar_editable, plavar_orden, plavar_tlg) VALUES ('same2014', 'manzana', 'REC_ENC', true, 80, 1);
INSERT INTO pla_var (plavar_ope, plavar_var, plavar_planilla, plavar_editable, plavar_orden, plavar_tlg) VALUES ('same2014', 'inq_tot_hab', 'REC_ENC', true, 370, 1);
INSERT INTO pla_var (plavar_ope, plavar_var, plavar_planilla, plavar_editable, plavar_orden, plavar_tlg) VALUES ('same2014', 'inq_ocu_flia', 'REC_ENC', true, 380, 1);
INSERT INTO pla_var (plavar_ope, plavar_var, plavar_planilla, plavar_editable, plavar_orden, plavar_tlg) VALUES ('same2014', 'cnombre', 'REC_SUP_CAM', true, 30, 1);
INSERT INTO pla_var (plavar_ope, plavar_var, plavar_planilla, plavar_editable, plavar_orden, plavar_tlg) VALUES ('same2014', 'hn', 'REC_SUP_CAM', true, 35, 1);
INSERT INTO pla_var (plavar_ope, plavar_var, plavar_planilla, plavar_editable, plavar_orden, plavar_tlg) VALUES ('same2014', 'hp', 'REC_SUP_CAM', true, 40, 1);
INSERT INTO pla_var (plavar_ope, plavar_var, plavar_planilla, plavar_editable, plavar_orden, plavar_tlg) VALUES ('same2014', 'hd', 'REC_SUP_CAM', true, 45, 1);
INSERT INTO pla_var (plavar_ope, plavar_var, plavar_planilla, plavar_editable, plavar_orden, plavar_tlg) VALUES ('same2014', 'hab', 'REC_SUP_CAM', true, 50, 1);
INSERT INTO pla_var (plavar_ope, plavar_var, plavar_planilla, plavar_editable, plavar_orden, plavar_tlg) VALUES ('same2014', 'barrio', 'REC_SUP_CAM', true, 60, 1);
INSERT INTO pla_var (plavar_ope, plavar_var, plavar_planilla, plavar_editable, plavar_orden, plavar_tlg) VALUES ('same2014', 'ident_edif', 'REC_SUP_CAM', true, 65, 1);
INSERT INTO pla_var (plavar_ope, plavar_var, plavar_planilla, plavar_editable, plavar_orden, plavar_tlg) VALUES ('same2014', 'obs', 'REC_SUP_CAM', true, 70, 1);
INSERT INTO pla_var (plavar_ope, plavar_var, plavar_planilla, plavar_editable, plavar_orden, plavar_tlg) VALUES ('same2014', 'norea_sup', 'REC_SUP_CAM', true, 810, 1);
INSERT INTO pla_var (plavar_ope, plavar_var, plavar_planilla, plavar_editable, plavar_orden, plavar_tlg) VALUES ('same2014', 'verificado_sup', 'REC_SUP_CAM', true, 590, 1);
INSERT INTO pla_var (plavar_ope, plavar_var, plavar_planilla, plavar_editable, plavar_orden, plavar_tlg) VALUES ('same2014', 'cod_sup', 'REC_SUP_CAM', true, 540, 1);
INSERT INTO pla_var (plavar_ope, plavar_var, plavar_planilla, plavar_editable, plavar_orden, plavar_tlg) VALUES ('same2014', 'ccodigo', 'MON_TEM', true, 340, 1);
INSERT INTO pla_var (plavar_ope, plavar_var, plavar_planilla, plavar_editable, plavar_orden, plavar_tlg) VALUES ('same2014', 'cnombre', 'MON_TEM', true, 350, 1);
INSERT INTO pla_var (plavar_ope, plavar_var, plavar_planilla, plavar_editable, plavar_orden, plavar_tlg) VALUES ('same2014', 'hn', 'MON_TEM', true, 360, 1);
INSERT INTO pla_var (plavar_ope, plavar_var, plavar_planilla, plavar_editable, plavar_orden, plavar_tlg) VALUES ('same2014', 'hp', 'MON_TEM', true, 370, 1);
INSERT INTO pla_var (plavar_ope, plavar_var, plavar_planilla, plavar_editable, plavar_orden, plavar_tlg) VALUES ('same2014', 'hd', 'MON_TEM', true, 380, 1);
INSERT INTO pla_var (plavar_ope, plavar_var, plavar_planilla, plavar_editable, plavar_orden, plavar_tlg) VALUES ('same2014', 'cod_enc', 'REC_SUP_CAM', true, 190, 1);
INSERT INTO pla_var (plavar_ope, plavar_var, plavar_planilla, plavar_editable, plavar_orden, plavar_tlg) VALUES ('same2014', 'cod_recu', 'REC_SUP_CAM', true, 200, 1);
INSERT INTO pla_var (plavar_ope, plavar_var, plavar_planilla, plavar_editable, plavar_orden, plavar_tlg) VALUES ('same2014', 'cnombre', 'REC_SUP_TEL', true, 30, 1);
INSERT INTO pla_var (plavar_ope, plavar_var, plavar_planilla, plavar_editable, plavar_orden, plavar_tlg) VALUES ('same2014', 'hn', 'REC_SUP_TEL', true, 35, 1);
INSERT INTO pla_var (plavar_ope, plavar_var, plavar_planilla, plavar_editable, plavar_orden, plavar_tlg) VALUES ('same2014', 'hp', 'REC_SUP_TEL', true, 40, 1);
INSERT INTO pla_var (plavar_ope, plavar_var, plavar_planilla, plavar_editable, plavar_orden, plavar_tlg) VALUES ('same2014', 'hd', 'REC_SUP_TEL', true, 45, 1);
INSERT INTO pla_var (plavar_ope, plavar_var, plavar_planilla, plavar_editable, plavar_orden, plavar_tlg) VALUES ('same2014', 'hab', 'REC_SUP_TEL', true, 50, 1);
INSERT INTO pla_var (plavar_ope, plavar_var, plavar_planilla, plavar_editable, plavar_orden, plavar_tlg) VALUES ('same2014', 'barrio', 'REC_SUP_TEL', true, 60, 1);
INSERT INTO pla_var (plavar_ope, plavar_var, plavar_planilla, plavar_editable, plavar_orden, plavar_tlg) VALUES ('same2014', 'ident_edif', 'REC_SUP_TEL', true, 65, 1);
INSERT INTO pla_var (plavar_ope, plavar_var, plavar_planilla, plavar_editable, plavar_orden, plavar_tlg) VALUES ('same2014', 'obs', 'REC_SUP_TEL', true, 70, 1);
INSERT INTO pla_var (plavar_ope, plavar_var, plavar_planilla, plavar_editable, plavar_orden, plavar_tlg) VALUES ('same2014', 'norea_sup', 'REC_SUP_TEL', true, 810, 1);
INSERT INTO pla_var (plavar_ope, plavar_var, plavar_planilla, plavar_editable, plavar_orden, plavar_tlg) VALUES ('same2014', 'result_sup', 'REC_SUP_TEL', true, 570, 1);
INSERT INTO pla_var (plavar_ope, plavar_var, plavar_planilla, plavar_editable, plavar_orden, plavar_tlg) VALUES ('same2014', 'verificado_sup', 'REC_SUP_TEL', true, 590, 1);
INSERT INTO pla_var (plavar_ope, plavar_var, plavar_planilla, plavar_editable, plavar_orden, plavar_tlg) VALUES ('same2014', 'cod_sup', 'REC_SUP_TEL', true, 540, 1);
INSERT INTO pla_var (plavar_ope, plavar_var, plavar_planilla, plavar_editable, plavar_orden, plavar_tlg) VALUES ('same2014', 'cod_enc', 'REC_SUP_TEL', true, 190, 1);
INSERT INTO pla_var (plavar_ope, plavar_var, plavar_planilla, plavar_editable, plavar_orden, plavar_tlg) VALUES ('same2014', 'cod_recu', 'REC_SUP_TEL', true, 200, 1);
INSERT INTO pla_var (plavar_ope, plavar_var, plavar_planilla, plavar_editable, plavar_orden, plavar_tlg) VALUES ('same2014', 'cnombre', 'PLA_ENC_VER', true, 30, 1);
INSERT INTO pla_var (plavar_ope, plavar_var, plavar_planilla, plavar_editable, plavar_orden, plavar_tlg) VALUES ('same2014', 'hn', 'PLA_ENC_VER', true, 35, 1);
INSERT INTO pla_var (plavar_ope, plavar_var, plavar_planilla, plavar_editable, plavar_orden, plavar_tlg) VALUES ('same2014', 'hp', 'PLA_ENC_VER', true, 40, 1);
INSERT INTO pla_var (plavar_ope, plavar_var, plavar_planilla, plavar_editable, plavar_orden, plavar_tlg) VALUES ('same2014', 'hd', 'PLA_ENC_VER', true, 45, 1);
INSERT INTO pla_var (plavar_ope, plavar_var, plavar_planilla, plavar_editable, plavar_orden, plavar_tlg) VALUES ('same2014', 'hab', 'PLA_ENC_VER', true, 50, 1);
INSERT INTO pla_var (plavar_ope, plavar_var, plavar_planilla, plavar_editable, plavar_orden, plavar_tlg) VALUES ('same2014', 'barrio', 'PLA_ENC_VER', true, 60, 1);
INSERT INTO pla_var (plavar_ope, plavar_var, plavar_planilla, plavar_editable, plavar_orden, plavar_tlg) VALUES ('same2014', 'ident_edif', 'PLA_ENC_VER', true, 65, 1);
INSERT INTO pla_var (plavar_ope, plavar_var, plavar_planilla, plavar_editable, plavar_orden, plavar_tlg) VALUES ('same2014', 'casa', 'PLA_ENC_VER', true, 70, 1);
INSERT INTO pla_var (plavar_ope, plavar_var, plavar_planilla, plavar_editable, plavar_orden, plavar_tlg) VALUES ('same2014', 'obs', 'PLA_ENC_VER', true, 70, 1);
INSERT INTO pla_var (plavar_ope, plavar_var, plavar_planilla, plavar_editable, plavar_orden, plavar_tlg) VALUES ('same2014', 'manzana', 'PLA_ENC_VER', true, 80, 1);
INSERT INTO pla_var (plavar_ope, plavar_var, plavar_planilla, plavar_editable, plavar_orden, plavar_tlg) VALUES ('same2014', 'cod_enc', 'PLA_ENC_VER', true, 110, 1);
INSERT INTO pla_var (plavar_ope, plavar_var, plavar_planilla, plavar_editable, plavar_orden, plavar_tlg) VALUES ('same2014', 'recepcionista', 'PLA_ENC_VER', true, 130, 1);
INSERT INTO pla_var (plavar_ope, plavar_var, plavar_planilla, plavar_editable, plavar_orden, plavar_tlg) VALUES ('same2014', 'a_ingreso_enc', 'PLA_ENC_VER', true, 170, 1);
INSERT INTO pla_var (plavar_ope, plavar_var, plavar_planilla, plavar_editable, plavar_orden, plavar_tlg) VALUES ('same2014', 'volver_a_cargar_enc', 'PLA_ENC_VER', true, 190, 1);
INSERT INTO pla_var (plavar_ope, plavar_var, plavar_planilla, plavar_editable, plavar_orden, plavar_tlg) VALUES ('same2014', 'sup_dirigida', 'PLA_ENC_VER', true, 340, 1);
INSERT INTO pla_var (plavar_ope, plavar_var, plavar_planilla, plavar_editable, plavar_orden, plavar_tlg) VALUES ('same2014', 'verificado_enc', 'PLA_ENC_VER', true, 360, 1);
INSERT INTO pla_var (plavar_ope, plavar_var, plavar_planilla, plavar_editable, plavar_orden, plavar_tlg) VALUES ('same2014', 'inq_tot_hab', 'PLA_ENC_VER', true, 370, 1);
INSERT INTO pla_var (plavar_ope, plavar_var, plavar_planilla, plavar_editable, plavar_orden, plavar_tlg) VALUES ('same2014', 'inq_ocu_flia', 'PLA_ENC_VER', true, 380, 1);
INSERT INTO pla_var (plavar_ope, plavar_var, plavar_planilla, plavar_editable, plavar_orden, plavar_tlg) VALUES ('same2014', 'hab', 'MON_TEM', true, 390, 1);
INSERT INTO pla_var (plavar_ope, plavar_var, plavar_planilla, plavar_editable, plavar_orden, plavar_tlg) VALUES ('same2014', 'inq_tot_hab', 'MON_TEM', true, 410, 1);
INSERT INTO pla_var (plavar_ope, plavar_var, plavar_planilla, plavar_editable, plavar_orden, plavar_tlg) VALUES ('same2014', 'inq_ocu_flia', 'MON_TEM', true, 420, 1);
INSERT INTO pla_var (plavar_ope, plavar_var, plavar_planilla, plavar_editable, plavar_orden, plavar_tlg) VALUES ('same2014', 'manzana', 'MON_TEM', true, 440, 1);
INSERT INTO pla_var (plavar_ope, plavar_var, plavar_planilla, plavar_editable, plavar_orden, plavar_tlg) VALUES ('same2014', 'casa', 'MON_TEM', true, 450, 1);
INSERT INTO pla_var (plavar_ope, plavar_var, plavar_planilla, plavar_editable, plavar_orden, plavar_tlg) VALUES ('same2014', 'barrio', 'MON_TEM', true, 460, 1);
INSERT INTO pla_var (plavar_ope, plavar_var, plavar_planilla, plavar_editable, plavar_orden, plavar_tlg) VALUES ('same2014', 'ident_edif', 'MON_TEM', true, 470, 1);
INSERT INTO pla_var (plavar_ope, plavar_var, plavar_planilla, plavar_editable, plavar_orden, plavar_tlg) VALUES ('same2014', 'obs', 'MON_TEM', true, 480, 1);
INSERT INTO pla_var (plavar_ope, plavar_var, plavar_planilla, plavar_editable, plavar_orden, plavar_tlg) VALUES ('same2014', 'recepcionista', 'MON_TEM', true, 500, 1);
INSERT INTO pla_var (plavar_ope, plavar_var, plavar_planilla, plavar_editable, plavar_orden, plavar_tlg) VALUES ('same2014', 'cod_enc', 'MON_TEM', true, 510, 1);
INSERT INTO pla_var (plavar_ope, plavar_var, plavar_planilla, plavar_editable, plavar_orden, plavar_tlg) VALUES ('same2014', 'a_ingreso_enc', 'MON_TEM', true, 560, 1);
INSERT INTO pla_var (plavar_ope, plavar_var, plavar_planilla, plavar_editable, plavar_orden, plavar_tlg) VALUES ('same2014', 'volver_a_cargar_enc', 'MON_TEM', true, 570, 1);
INSERT INTO pla_var (plavar_ope, plavar_var, plavar_planilla, plavar_editable, plavar_orden, plavar_tlg) VALUES ('same2014', 'verificado_enc', 'MON_TEM', true, 690, 1);
INSERT INTO pla_var (plavar_ope, plavar_var, plavar_planilla, plavar_editable, plavar_orden, plavar_tlg) VALUES ('same2014', 'sup_dirigida', 'MON_TEM', true, 710, 1);
INSERT INTO pla_var (plavar_ope, plavar_var, plavar_planilla, plavar_editable, plavar_orden, plavar_tlg) VALUES ('same2014', 'cod_recu', 'MON_TEM', true, 720, 1);
INSERT INTO pla_var (plavar_ope, plavar_var, plavar_planilla, plavar_editable, plavar_orden, plavar_tlg) VALUES ('same2014', 'a_ingreso_recu', 'MON_TEM', true, 770, 1);
INSERT INTO pla_var (plavar_ope, plavar_var, plavar_planilla, plavar_editable, plavar_orden, plavar_tlg) VALUES ('same2014', 'volver_a_cargar_recu', 'MON_TEM', true, 780, 1);
INSERT INTO pla_var (plavar_ope, plavar_var, plavar_planilla, plavar_editable, plavar_orden, plavar_tlg) VALUES ('same2014', 'verificado_recu', 'MON_TEM', true, 830, 1);
INSERT INTO pla_var (plavar_ope, plavar_var, plavar_planilla, plavar_editable, plavar_orden, plavar_tlg) VALUES ('same2014', 'cod_sup', 'MON_TEM', true, 840, 1);
INSERT INTO pla_var (plavar_ope, plavar_var, plavar_planilla, plavar_editable, plavar_orden, plavar_tlg) VALUES ('same2014', 'result_sup', 'MON_TEM', true, 870, 1);
INSERT INTO pla_var (plavar_ope, plavar_var, plavar_planilla, plavar_editable, plavar_orden, plavar_tlg) VALUES ('same2014', 'norea_sup', 'MON_TEM', true, 880, 1);
INSERT INTO pla_var (plavar_ope, plavar_var, plavar_planilla, plavar_editable, plavar_orden, plavar_tlg) VALUES ('same2014', 'verificado_sup', 'MON_TEM', true, 890, 1);
INSERT INTO pla_var (plavar_ope, plavar_var, plavar_planilla, plavar_editable, plavar_orden, plavar_tlg) VALUES ('same2014', 'verificado_ac', 'MON_TEM', true, 900, 1);
INSERT INTO pla_var (plavar_ope, plavar_var, plavar_planilla, plavar_editable, plavar_orden, plavar_tlg) VALUES ('same2014', 'resol_campo', 'MON_TEM', true, 910, 1);
INSERT INTO pla_var (plavar_ope, plavar_var, plavar_planilla, plavar_editable, plavar_orden, plavar_tlg) VALUES ('same2014', 'obs_campo', 'MON_TEM', true, 920, 1);



insert into encu.claves (cla_ope, cla_for, cla_mat, cla_enc, 
                         cla_hog, cla_mie, cla_exm, cla_tlg)
    (select 'same2014', 'TEM','', tem_enc, 0, 0, 0, 1 
        FROM encu.tem order by tem_enc       
    );
select operaciones.generar_calculo_estado_trg();
update encu.respuestas set res_valor='19' where res_var='estado';





--
-- Data for Name: variables; Type: TABLE DATA; Schema: operaciones; Owner: postgres
--


--
-- PostgreSQL database dump complete
--

